vul_id,repo,fixed_commit_sha,patch_file,patch_func,target_file,target_func,CWE,vuln_type,judgement
CVE-2020-19488,gpac/gpac,6170024568f4dda310e98ef7508477b425c58d09,src/isomedia/box_code_apple.c,ilst_item_box_read,src/isomedia/box_code_apple.c,ilst_box_read,Unknown,Unknown,TP
CVE-2022-0001,torvalds/linux,d45476d9832409371537013ebdd8dc1a7781f97a,arch/x86/kernel/cpu/bugs.c,spectre_v2_select_mitigation,arch/x86/xen/enlighten.c,__xen_hypercall_setfunc,Unknown,Unknown,
CVE-2021-0512,torvalds/linux,ed9be64eefe26d7d8b0b5b9fa3ffdf425d87a01f,drivers/hid/hid-core.c,hid_add_field,drivers/hid/hid-core.c,hid_input_fetch_field,Unknown,Unknown,
CVE-2022-2663,torvalds/linux,0efe125cfb99e6773a7434f3463f7c2fa28f3a43,net/netfilter/nf_conntrack_irc.c,help,net/netfilter/nf_conntrack_tftp.c,tftp_help,Unknown,Unknown,
CVE-2024-26650,torvalds/linux,5913320eb0b3ec88158cfcb0fa5e996bf4ef681b,drivers/platform/x86/p2sb.c,p2sb_scan_and_cache_devfn,drivers/pci/probe.c,pci_lock_rescan_remove,Unknown,Unknown,
CVE-2023-39194,torvalds/linux,dfa73c17d55b921e1d4e154976de35317e43a93a,net/xfrm/xfrm_user.c,xfrm_dump_sa,net/key/af_key.c,pfkey_dump,Unknown,Unknown,
CVE-2022-28073,radareorg/radare2,59a9dfb60acf8b5c0312061cffd9693fc9526053,libr/core/anal_tp.c,r_core_anal_type_match,libr/core/cmd_search.inc.c,emulateSyscallPrelude,Unknown,Unknown,TP
CVE-2023-20588,torvalds/linux,77245f1c3c6495521f6a3af082696ee2f8ce3921,arch/x86/include/asm/processor.h,amd_clear_divider,arch/x86/kernel/traps.c,DEFINE_IDTENTRY,Unknown,Unknown,
CVE-2024-23307,torvalds/linux,dfd2bf436709b2bccb78c2dda550dde93700efa7,drivers/md/raid5.c,raid5_set_cache_size,drivers/md/raid5.c,raid5_set_cache_size,Unknown,Unknown,
CVE-2021-23134,torvalds/linux,c61760e6940dd4039a7f5e84a6afc9cdbf4d82b6,net/nfc/llcp_sock.c,llcp_sock_connect,net/nfc/llcp_core.c,nfc_llcp_general_bytes,Unknown,Unknown,
CVE-2020-15852,torvalds/linux,cadfad870154e14f745ec845708bc17d166065f2,arch/x86/include/asm/io_bitmap.h,native_tss_invalidate_io_bitmap,arch/x86/include/asm/io_bitmap.h,native_tss_invalidate_io_bitmap,Unknown,Unknown,
CVE-2022-0264,torvalds/linux,7d3baf0afa3aa9102d6a521a8e4c41888bb79882,kernel/bpf/verifier.c,check_atomic,kernel/bpf/verifier.c,check_store_reg,Unknown,Unknown,
CVE-2020-25668,torvalds/linux,90bfdeef83f1d6c696039b6a917190dcbbad3220,drivers/tty/vt/vt_ioctl.c,vt_io_fontreset,drivers/video/fbdev/core/fbcon.c,fbcon_get_requirement,Unknown,Unknown,FP
CVE-2022-0168,torvalds/linux,d6f5e358452479fa8a773b5c6ccc9e4ec5a20880,fs/cifs/smb2ops.c,smb2_ioctl_query_info,fs/smb/client/smb2pdu.c,smb2_async_readv,Unknown,Unknown,
CVE-2015-8900,ImageMagick/ImageMagick,97aa7d7cfd2027f6ba7ce42caf8b798541b9cdc6,coders/hdr.c,ReadHDRImage,coders/hdr.c,ReadHDRImage,Unknown,Unknown,
CVE-2023-0615,torvalds/linux,1f65ea411cc7b6ff128d82a3493d7b5648054e6f,drivers/media/test-drivers/vivid/vivid-vid-cap.c,vivid_update_format_cap,drivers/media/test-drivers/vivid/vivid-ctrls.c,vivid_vid_cap_s_ctrl,Unknown,Unknown,FP
CVE-2022-1204,torvalds/linux,9fd75b66b8f68498454d685dc4ba13192ae069b0,net/ax25/af_ax25.c,ax25_release,net/ax25/ax25_std_in.c,ax25_std_state3_machine,Unknown,Unknown,FP
CVE-2021-46943,torvalds/linux,ad91849996f9dd79741a961fd03585a683b08356,drivers/staging/media/ipu3/ipu3-v4l2.c,imgu_fmt,drivers/staging/media/ipu3/ipu3-v4l2.c,imgu_fmt,Unknown,Unknown,FP
CVE-2022-26373,torvalds/linux,2b1299322016731d56807aa49254a5ea3080b6b3,arch/x86/kernel/cpu/bugs.c,spectre_v2_select_mitigation,arch/x86/kernel/cpu/bugs.c,spectre_v2_user_select_mitigation,Unknown,Unknown,
CVE-2020-12657,torvalds/linux,2f95fa5c955d0a9987ffdc3a095e2f4e62c5f2a9,block/bfq-iosched.c,bfq_idle_slice_timer,block/bfq-iosched.c,__bfq_dispatch_request,Unknown,Unknown,
CVE-2023-1654,gpac/gpac,2c055153d401b8c49422971e3a0159869652d3da,src/filter_core/filter_pid.c,gf_filter_pid_configure,src/filter_core/filter_pid.c,gf_filter_pid_inst_swap_delete_task,Unknown,Unknown,
CVE-2023-46219,curl/curl,73b65e94f3531179de45c6f3c836a610e3d0a846,lib/fopen.c,dirslash,lib/fopen.c,Curl_fopen,Unknown,Unknown,
CVE-2023-26545,torvalds/linux,fda6c89fe3d9aca073495a664e1d5aea28cd4377,net/mpls/af_mpls.c,mpls_dev_sysctl_register,net/netfilter/nf_conntrack_standalone.c,nf_conntrack_standalone_init_sysctl,Unknown,Unknown,
CVE-2023-50431,torvalds/linux,a9f07790a4b2250f0140e9a61c7f842fd9b618c7,drivers/accel/habanalabs/common/habanalabs_ioctl.c,sec_attest_info,sound/pci/asihpi/hpioctl.c,asihpi_hpi_ioctl,Unknown,Unknown,
CVE-2020-10135,torvalds/linux,3ca44c16b0dcc764b641ee4ac226909f5c421aa3,include/net/bluetooth/hci_core.h,hci_encrypt_cfm,include/net/bluetooth/hci_core.h,hci_auth_cfm,Unknown,Unknown,
CVE-2020-25668,torvalds/linux,90bfdeef83f1d6c696039b6a917190dcbbad3220,drivers/tty/vt/vt_ioctl.c,vt_compat_ioctl,drivers/tty/vt/vt_ioctl.c,vt_k_ioctl,Unknown,Unknown,
CVE-2021-47169,torvalds/linux,016002848c82eeb5d460489ce392d91fe18c475c,drivers/tty/serial/rp2.c,rp2_remove,drivers/misc/lattice-ecp3-config.c,lattice_ecp3_remove,Unknown,Unknown,
CVE-2020-8231,curl/curl,3c9e021f86872baae412a427e807fbfa2f3e8a22,lib/url.c,Curl_open,lib/transfer.c,Curl_pretransfer,Unknown,Unknown,FP
CVE-2023-52488,torvalds/linux,dbf4ab821804df071c8b566d9813083125e6d97b,drivers/tty/serial/sc16is7xx.c,sc16is7xx_fifo_read,drivers/tty/serial/sc16is7xx.c,sc16is7xx_set_baud,Unknown,Unknown,
CVE-2023-52439,torvalds/linux,0c9ae0b8605078eafc3bea053cc78791e97ba2e2,drivers/uio/uio.c,uio_open,drivers/regulator/core.c,_regulator_get_common,Unknown,Unknown,
CVE-2015-2304,libarchive/libarchive,59357157706d47c365b2227739e17daba3607526,cpio/cpio.c,main,tar/bsdtar.c,main,Unknown,Unknown,TP
CVE-2015-2304,libarchive/libarchive,59357157706d47c365b2227739e17daba3607526,libarchive/archive_write_disk_posix.c,cleanup_pathname,libarchive/archive_write_disk_windows.c,cleanup_pathname,Unknown,Unknown,
CVE-2021-33656,torvalds/linux,ff2047fb755d4415ec3c70ac799889371151796d,drivers/tty/vt/vt_ioctl.c,vt_compat_ioctl,drivers/tty/vt/vt_ioctl.c,vt_compat_ioctl,Unknown,Unknown,
CVE-2021-47122,torvalds/linux,b53558a950a89824938e9811eddfc8efcd94e1bb,net/caif/caif_dev.c,caif_device_notify,net/mac80211/cfg.c,ieee80211_start_ap,Unknown,Unknown,TP
CVE-2020-10690,torvalds/linux,a33121e5487b424339636b25c35d3a180eaa5f5e,kernel/time/posix-clock.c,posix_clock_register,drivers/staging/greybus/fw-management.c,gb_fw_mgmt_connection_init,Unknown,Unknown,TP
CVE-2021-46906,torvalds/linux,6be388f4a35d2ce5ef7dbf635a8964a5da7f799f,include/linux/hid.h,hid_report_len,drivers/staging/greybus/hid.c,gb_hid_report_len,Unknown,Unknown,TP
CVE-2021-0920,torvalds/linux,cbcf01128d0a92e131bd09f1688fe032480b65ca,net/unix/af_unix.c,unix_peek_fds,net/unix/af_unix.c,unix_peek_fds,Unknown,Unknown,
CVE-2022-22576,curl/curl,852aa5ad351ea53e5f01d2f44b5b4370c2bf5425,lib/url.c,ConnectionExists,lib/url.c,socks_proxy_info_matches,Unknown,Unknown,
OSV-2020-372,libarchive/libarchive,39736c43bd7374beedb372aa300ecf36c9fc4733,libarchive/archive_read_support_format_rar5.c,skip_base_block,libarchive/archive_read_support_format_rar5.c,process_base_block,Unknown,Unknown,
CVE-2020-25668,torvalds/linux,90bfdeef83f1d6c696039b6a917190dcbbad3220,drivers/tty/vt/vt_ioctl.c,do_fontx_ioctl,drivers/tty/serial/kgdboc.c,kgdboc_pre_exp_handler,Unknown,Unknown,
CVE-2022-0519,radareorg/radare2,6c4428f018d385fc80a33ecddcb37becea685dd5,shlr/java/class.c,r_bin_java_rtv_annotations_attr_new,shlr/java/class.c,r_bin_java_rti_annotations_attr_new,Unknown,Unknown,
CVE-2024-26718,torvalds/linux,0a9bab391e336489169b95cb0d4553d921302189,drivers/md/dm-crypt.c,kcryptd_queue_crypt,drivers/tty/ipwireless/hardware.c,ipwireless_setup_timer,Unknown,Unknown,TP
CVE-2020-0423,torvalds/linux,f3277cbfba763cd2826396521b9296de67cf1bbc,drivers/android/binder.c,binder_release_work,drivers/net/ethernet/pensando/ionic/ionic_lif.c,ionic_lif_deferred_work,Unknown,Unknown,
CVE-2023-3111,torvalds/linux,85f02d6c856b9f3a0acf5219de6e32f58b9778eb,fs/btrfs/relocation.c,prepare_to_relocate,fs/btrfs/transaction.c,btrfs_commit_current_transaction,Unknown,Unknown,
CVE-2021-47022,torvalds/linux,8ab31da7b89f71c4c2defcca989fab7b42f87d71,drivers/net/wireless/mediatek/mt76/mt7615/pci_init.c,mt7615_unregister_device,drivers/net/wireless/mediatek/mt76/mt7996/mac.c,mt7996_mac_reset_work,Unknown,Unknown,FP
CVE-2018-16642,ImageMagick/ImageMagick,cc4ac341f29fa368da6ef01c207deaf8c61f6a2e,coders/cut.c,InsertRow,coders/dib.c,ReadDIBImage,Unknown,Unknown,TP
CVE-2020-14416,torvalds/linux,0ace17d56824165c7f4c68785d6b58971db954dd,drivers/net/can/slcan.c,slcan_close,drivers/tty/n_hdlc.c,n_hdlc_tty_close,Unknown,Unknown,TP
CVE-2022-47943,torvalds/linux,ac60778b87e45576d7bfdbd6f53df902654e6f09,fs/ksmbd/smb2pdu.c,smb2_write,fs/smb/server/smb2pdu.c,smb2_write_pipe,Unknown,Unknown,TP
CVE-2018-11383,radareorg/radare2,9d348bcc2c4bbd3805e7eec97b594be9febbdf9a,libr/core/cmd_anal.c,cmd_anal_esil,libr/core/vmenus.c,r_core_visual_esil,Unknown,Unknown,
CVE-2020-8648,torvalds/linux,07e6124a1a46b4b5a9b3cacc0c306b50da87abf5,drivers/tty/vt/selection.c,set_selection_kernel,drivers/video/fbdev/pxa3xx-gcu.c,pxa3xx_gcu_free_buffers,Unknown,Unknown,
CVE-2023-2163,torvalds/linux,71b547f561247897a0a14f3082730156c0533fed,kernel/bpf/verifier.c,backtrack_insn,kernel/bpf/verifier.c,is_reg64,Unknown,Unknown,
CVE-2016-10050,ImageMagick/ImageMagick,139d4323c40d7363bfdd2382c3821a6f76d69430,coders/rle.c,ReadRLEImage,coders/mac.c,ReadMACImage,Unknown,Unknown,FP
CVE-2021-39924,wireshark/wireshark,79a9fe1cf0d6bcc821f2d56b130c80c9052b5c58,epan/dissectors/packet-bt-dht.c,dissect_bt_dht_values,epan/dissectors/packet-bt-dht.c,dissect_bencoded_string,Unknown,Unknown,
CVE-2020-22051,FFmpeg/FFmpeg,673fce6d40d9a594fb7a0ea17d296b7d3d9ea856,libavfilter/vf_tile.c,uninit,libavfilter/vf_tile.c,end_last_frame,Unknown,Unknown,
CVE-2021-20312,ImageMagick/ImageMagick,70aa86f5d5d8aa605a918ed51f7574f433a18482,MagickCore/memory.c,ResetMagickMemory,MagickCore/memory.c,ResizeMagickMemory,Unknown,Unknown,
CVE-2023-0030,torvalds/linux,729eba3355674f2d9524629b73683ba1d1cd3f10,drivers/gpu/drm/nouveau/nvkm/subdev/mmu/uvmm.c,nvkm_uvmm_mthd_map,drivers/gpu/drm/nouveau/nvkm/subdev/mmu/vmm.c,nvkm_vmm_get_locked,Unknown,Unknown,
CVE-2024-35368,FFmpeg/FFmpeg,4513300989502090c4fd6560544dce399a8cd53c,libavcodec/rkmppdec.c,rkmpp_retrieve_frame,libavcodec/nvdec.c,nvdec_retrieve_data,Unknown,Unknown,
CVE-2021-46986,torvalds/linux,bb9c74a5bd1462499fe5ccb1e3c5ac40dcfa9139,drivers/usb/dwc3/gadget.c,dwc3_gadget_exit,drivers/usb/cdns3/cdnsp-gadget.c,__cdnsp_gadget_init,Unknown,Unknown,TP
CVE-2021-40592,gpac/gpac,71460d72ec07df766dab0a4d52687529f3efcf0a,src/filters/isoffin_read_ch.c,isor_reader_get_sample,src/filters/isoffin_read_ch.c,isor_reader_get_sample_from_item,Unknown,Unknown,
CVE-2021-42252,torvalds/linux,b49a0e69a7b1a68c8d3f64097d06dabb770fec96,drivers/soc/aspeed/aspeed-lpc-ctrl.c,aspeed_lpc_ctrl_mmap,arch/um/drivers/mmapper_kern.c,mmapper_mmap,Unknown,Unknown,
CVE-2020-14416,torvalds/linux,0ace17d56824165c7f4c68785d6b58971db954dd,drivers/net/can/slcan.c,slcan_close,drivers/bluetooth/hci_ldisc.c,hci_uart_tty_close,Unknown,Unknown,TP
CVE-2022-4382,torvalds/linux,d18dcfe9860e842f394e37ba01ca9440ab2178f4,drivers/usb/gadget/legacy/inode.c,gadgetfs_kill_sb,drivers/infiniband/hw/qib/qib_fs.c,qibfs_kill_super,Unknown,Unknown,
CVE-2018-21017,gpac/gpac,d2371b4b204f0a3c0af51ad4e9b491144dd1225c,src/isomedia/box_code_base.c,dinf_Read,src/isomedia/tx3g.c,gf_isom_text_set_wrap,Unknown,Unknown,
CVE-2023-52502,torvalds/linux,31c07dffafce914c1d1543c135382a11ff058d93,net/nfc/llcp_core.c,nfc_llcp_get_sdp_ssap,net/nfc/llcp_core.c,nfc_llcp_put_ssap,Unknown,Unknown,
CVE-2022-1671,torvalds/linux,ff8376ade4f668130385839cef586a0990f8ef87,net/rxrpc/server_key.c,rxrpc_free_preparse_s,net/mac80211/parse.c,_ieee802_11_parse_elems_full,Unknown,Unknown,
OSV-2023-758,LibreDWG/libredwg,3a37ad736c87393c9f88396f03f0ba69a54fcf9b,src/bits.c,bit_TV_to_utf8,src/bits.c,bit_read_bits,Unknown,Unknown,
CVE-2023-38431,torvalds/linux,368ba06881c395f1c9a7ba22203cf8d78b4addc0,fs/smb/server/connection.c,ksmbd_conn_handler_loop,net/wireless/nl80211.c,nl80211_parse_sched_scan,Unknown,Unknown,
CVE-2021-4032,torvalds/linux,f7d8a19f9a056a05c5c509fa65af472a322abfee,arch/x86/kvm/lapic.c,kvm_lapic_reset,arch/x86/kvm/lapic.c,__kvm_apic_set_base,Unknown,Unknown,
CVE-2024-26765,torvalds/linux,1001db6c42e4012b55e5ee19405490f23e033b5a,arch/loongarch/kernel/smp.c,arch_cpu_idle_dead,init/main.c,start_kernel,Unknown,Unknown,
CVE-2020-8835,torvalds/linux,f2d67fec0b43edce8c416101cdc52e71145b5fef,kernel/bpf/verifier.c,reg_set_min_max_inv,kernel/bpf/verifier.c,reg_bounds_sync,Unknown,Unknown,
OSV-2020-372,libarchive/libarchive,39736c43bd7374beedb372aa300ecf36c9fc4733,libarchive/archive_read_support_format_rar5.c,read_bits_16,libarchive/archive_read_support_format_rar5.c,read_bits_32,Unknown,Unknown,
CVE-2023-52628,torvalds/linux,fd94d9dadee58e09b49075240fe83423eb1dcd36,net/netfilter/nft_exthdr.c,nft_skb_copy_to_reg,net/netfilter/nft_exthdr.c,nft_skb_copy_to_reg,Unknown,Unknown,
CVE-2020-10135,torvalds/linux,3ca44c16b0dcc764b641ee4ac226909f5c421aa3,net/bluetooth/hci_event.c,read_enc_key_size_complete,net/bluetooth/hci_event.c,hci_cs_read_remote_features,Unknown,Unknown,
CVE-2022-1205,torvalds/linux,fc6d01ff9ef03b66d4a3a23b46fc3c3d8cf92009,net/ax25/ax25_subr.c,ax25_disconnect,net/ax25/ax25_ds_subr.c,ax25_ds_establish_data_link,Unknown,Unknown,
OSV-2020-1094,radareorg/radare2,45a2f03199e2cef792f3a1f621bb2df408bf7a03,libr/bin/p/bin_dex.c,dex_parse_debug_item,libr/core/cmd_print.inc.c,cmd_print_op,Unknown,Unknown,FP
CVE-2022-28072,radareorg/radare2,027cd9b7274988bb1af866539ba6c2fa2ff63e45,libr/anal/p/anal_hexagon.c,hexagon_v6_op,libr/arch/p/ebc/plugin.c,ebc_anal_jmp,Unknown,Unknown,TP
CVE-2021-23134,torvalds/linux,c61760e6940dd4039a7f5e84a6afc9cdbf4d82b6,net/nfc/llcp_sock.c,llcp_sock_connect,net/nfc/llcp_core.c,nfc_llcp_data_received,Unknown,Unknown,
CVE-2023-52506,torvalds/linux,b795fb9f5861ee256070d59e33130980a01fadd7,arch/loongarch/kernel/mem.c,memblock_init,arch/arm64/mm/init.c,arm64_memblock_init,Unknown,Unknown,
CVE-2023-27535,curl/curl,8f4608468b890dce2dad9f91d5607ee7e9c1aba1,lib/ftp.c,ftp_disconnect,lib/ftp.c,ftp_connect,Unknown,Unknown,FP
CVE-2022-23036,torvalds/linux,6b1775f26a2da2b05a6dc8ec2b5d14e9a4701a1a,drivers/xen/grant-table.c,gnttab_try_end_foreign_access,drivers/xen/grant-table.c,gnttab_handle_deferred,Unknown,Unknown,FP
CVE-2023-4394,torvalds/linux,9ea0106a7a3d8116860712e3f17cd52ce99f6707,fs/btrfs/volumes.c,btrfs_get_dev_args_from_path,drivers/vfio/pci/nvgrace-gpu/main.c,nvgrace_gpu_ioctl_get_region_info,Unknown,Unknown,
CVE-2021-38201,torvalds/linux,6d1c0f3d28f98ea2736128ed3e46821496dc3a8c,net/sunrpc/xdr.c,xdr_set_page_base,net/sunrpc/xdr.c,xdr_truncate_encode,Unknown,Unknown,
CVE-2023-39191,torvalds/linux,d6fefa1105dacc8a742cdcf2f4bfb501c9e61349,kernel/bpf/verifier.c,stacksafe,kernel/bpf/verifier.c,is_dynptr_reg_valid_init,Unknown,Unknown,
CVE-2021-47082,torvalds/linux,158b515f703e75e7d68289bf4d98c664e1d632df,drivers/net/tun.c,tun_net_init,net/caif/chnl_net.c,ipcaif_net_setup,Unknown,Unknown,
CVE-2021-40568,gpac/gpac,f1ae01d745200a258cdf62622f71754c37cb6c30,src/media_tools/av_parsers.c,svc_parse_slice,src/filters/hevcsplit.c,hevcsplit_remove_slice_address,Unknown,Unknown,TP
CVE-2024-23849,torvalds/linux,13e788deb7348cc88df34bed736c3b3b9927ea52,net/rds/af_rds.c,rds_recv_track_latency,net/rds/recv.c,rds_cmsg_recv,Unknown,Unknown,
CVE-2023-2162,torvalds/linux,f484a794e4ee2a9ce61f52a78e810ac45f3fe3b3,drivers/scsi/iscsi_tcp.c,iscsi_sw_tcp_session_create,drivers/scsi/bnx2i/bnx2i_iscsi.c,bnx2i_session_create,Unknown,Unknown,
CVE-2022-1283,radareorg/radare2,18d1d064bf599a255d55f09fca3104776fc34a67,libr/bin/format/ne/ne.c,r_bin_ne_get_entrypoints,libr/bin/format/ne/ne.c,r_bin_ne_get_imports,Unknown,Unknown,
CVE-2021-31258,gpac/gpac,ebfa346eff05049718f7b80041093b4c5581c24e,src/isomedia/isom_read.c,gf_isom_guess_specification,applications/mp4box/mp4box.c,check_media_profile,Unknown,Unknown,TP
CVE-2021-38206,torvalds/linux,bddc0c411a45d3718ac535a070f349be8eca8d48,net/mac80211/tx.c,ieee80211_parse_tx_radiotap,drivers/net/wireless/broadcom/b43/main.c,b43_update_basic_rates,Unknown,Unknown,
CVE-2023-52610,torvalds/linux,3f14b377d01d8357eba032b4cabc8c1149b458b6,net/sched/act_ct.c,tcf_ct_handle_fragments,drivers/net/ethernet/chelsio/inline_crypto/ch_ktls/chcr_ktls.c,chcr_ktls_xmit,Unknown,Unknown,
CVE-2018-21017,gpac/gpac,d2371b4b204f0a3c0af51ad4e9b491144dd1225c,src/isomedia/box_code_base.c,dinf_Read,src/isomedia/isom_write.c,gf_isom_add_user_data,Unknown,Unknown,
CVE-2020-25704,torvalds/linux,7bdb157cdebbf95a1cd94ed2e01b338714075d00,kernel/events/core.c,perf_event_parse_addr_filter,fs/f2fs/super.c,parse_options,Unknown,Unknown,
CVE-2020-11096,FreeRDP/FreeRDP,b8beb55913471952f92770c90c372139d78c16c0,libfreerdp/core/orders.c,update_write_cache_bitmap_v3_order,libfreerdp/cache/bitmap.c,update_gdi_cache_bitmap_v3,Unknown,Unknown,
CVE-2022-28068,radareorg/radare2,637f4bd1af6752e28e0a9998e954e2e9ce6fa992,libr/bin/dwarf.c,parse_die,libr/anal/dwarf_process.c,parse_abstract_origin,Unknown,Unknown,TP
CVE-2022-28068,radareorg/radare2,637f4bd1af6752e28e0a9998e954e2e9ce6fa992,libr/bin/dwarf.c,dwarf_read_offset,libr/util/uleb128.c,r_sleb128,Unknown,Unknown,
CVE-2021-47130,torvalds/linux,bcd9a0797d73eeff659582f23277e7ab6e5f18f3,drivers/nvme/target/core.c,nvmet_req_free_sgls,drivers/nvme/target/core.c,nvmet_p2pmem_ns_enable,Unknown,Unknown,
CVE-2020-36516,torvalds/linux,23f57406b82de51809d5812afd96f210f8b627f3,include/net/ip.h,ip_select_ident_segs,net/ipv4/ip_output.c,ip_build_and_send_pkt,Unknown,Unknown,
CVE-2023-30772,torvalds/linux,06615d11cc78162dfd5116efb71f29eb29502d37,drivers/power/supply/da9150-charger.c,da9150_charger_remove,drivers/power/supply/da9150-charger.c,da9150_charger_probe,Unknown,Unknown,
CVE-2021-46949,torvalds/linux,5b1faa92289b53cad654123ed2bc8e10f6ddd4ac,drivers/net/ethernet/sfc/farch.c,efx_farch_handle_tx_flush_done,drivers/net/ethernet/sfc/falcon/farch.c,ef4_farch_handle_tx_flush_done,Unknown,Unknown,
CVE-2016-7521,ImageMagick/ImageMagick,30eec879c8b446b0ea9a3bb0da1a441cc8482bc4,coders/psd.c,DecodePSDPixels,MagickCore/string.c,EscapeString,Unknown,Unknown,
CVE-2020-22038,FFmpeg/FFmpeg,7c32e9cf93b712f8463573a59ed4e98fd10fa013,libavcodec/v4l2_m2m_dec.c,v4l2_decode_close,libavcodec/v4l2_m2m.c,ff_v4l2_m2m_codec_init,Unknown,Unknown,FP
CVE-2022-30115,curl/curl,fae6fea209a2d4db1582f608bd8cc8000721733a,lib/hsts.c,hsts_create,lib/httpsrr.c,Curl_httpsrr_from_ares,Unknown,Unknown,FP
CVE-2022-40307,torvalds/linux,9cb636b5f6a8cc6d1b50809ec8f8d33ae0c84c95,drivers/firmware/efi/capsule-loader.c,efi_capsule_release,drivers/scsi/bfa/bfad_debugfs.c,bfad_debugfs_release,Unknown,Unknown,
CVE-2024-26646,torvalds/linux,97566d09fd02d2ab329774bb89a2cdf2267e86d9,drivers/thermal/intel/intel_hfi.c,hfi_do_disable,drivers/thermal/intel/intel_hfi.c,hfi_set_hw_table,Unknown,Unknown,
CVE-2022-28068,radareorg/radare2,637f4bd1af6752e28e0a9998e954e2e9ce6fa992,libr/bin/dwarf.c,parse_die,libr/anal/dwarf_process.c,parse_function_args_and_vars,Unknown,Unknown,TP
CVE-2023-28464,torvalds/linux,5dc7d23e167e2882ef118456ceccd57873e876d8,net/bluetooth/hci_conn.c,hci_conn_hash_flush,net/bluetooth/hci_conn.c,hci_chan_list_flush,Unknown,Unknown,
CVE-2017-14166,libarchive/libarchive,fa7438a0ff4033e4741c807394a9af6207940d71,libarchive/archive_read_support_format_xar.c,atol10,libarchive/archive_read_support_format_ar.c,ar_atol10,Unknown,Unknown,TP
CVE-2020-14381,torvalds/linux,8019ad13ef7f64be44d4f892af9c840179009254,kernel/futex.c,get_futex_key,mm/rmap.c,folio_lock_anon_vma_read,Unknown,Unknown,
CVE-2023-52467,torvalds/linux,41673c66b3d0c09915698fec5c13b24336f18dd1,drivers/mfd/syscon.c,of_syscon_register,drivers/clk/versatile/clk-icst.c,of_syscon_icst_setup,Unknown,Unknown,FP
CVE-2023-1583,torvalds/linux,02a4d923e4400a36d340ea12d8058f69ebf3a383,io_uring/filetable.c,io_file_bitmap_get,io_uring/filetable.h,io_file_bitmap_clear,Unknown,Unknown,
CVE-2022-1199,torvalds/linux,71171ac8eb34ce7fe6b3267dce27c313ab3cb3ac,net/ax25/af_ax25.c,ax25_kill_by_device,net/bluetooth/iso.c,iso_sock_listen,Unknown,Unknown,
CVE-2023-4004,torvalds/linux,87b5a5c209405cb6b57424cdfa226a6dbd349232,net/netfilter/nft_set_pipapo.c,nft_pipapo_remove,net/netfilter/nft_set_pipapo.c,nft_pipapo_insert,Unknown,Unknown,
CVE-2020-27768,ImageMagick/ImageMagick,95d4e94e0353e503b71a53f5e6fad173c7c70c90,MagickCore/quantum-private.h,ScaleQuantumToMap,MagickCore/quantum-private.h,ScaleLongLongToQuantum,Unknown,Unknown,
CVE-2020-10690,torvalds/linux,a33121e5487b424339636b25c35d3a180eaa5f5e,kernel/time/posix-clock.c,posix_clock_register,drivers/mtd/ubi/vmt.c,ubi_add_volume,Unknown,Unknown,
CVE-2023-1582,torvalds/linux,24d7275ce2791829953ed4e72f68277ceb2571c6,fs/proc/task_mmu.c,pte_to_pagemap_entry,mm/migrate_device.c,migrate_vma_collect_pmd,Unknown,Unknown,
CVE-2021-47024,torvalds/linux,8432b8114957235f42e070a16118a7f750de9d39,net/vmw_vsock/virtio_transport_common.c,virtio_transport_do_close,net/vmw_vsock/virtio_transport_common.c,virtio_transport_close_timeout,Unknown,Unknown,
CVE-2022-3176,torvalds/linux,791f3465c4afde02d7f16cf7424ca87070b69396,fs/io_uring.c,io_poll_remove_entry,drivers/isdn/mISDN/timerdev.c,mISDN_close,Unknown,Unknown,
CVE-2022-29156,torvalds/linux,8700af2cc18c919b2a83e74e0479038fd113c15d,drivers/infiniband/ulp/rtrs/rtrs-clt.c,rtrs_clt_dev_release,drivers/infiniband/ulp/rtrs/rtrs-clt.c,alloc_clt,Unknown,Unknown,
CVE-2022-1671,torvalds/linux,ff8376ade4f668130385839cef586a0990f8ef87,net/rxrpc/server_key.c,rxrpc_destroy_s,net/rxrpc/security.c,rxrpc_init_client_call_security,Unknown,Unknown,
CVE-2023-32254,torvalds/linux,30210947a343b6b3ca13adc9bfc88e1543e16dd5,fs/ksmbd/mgmt/tree_connect.c,ksmbd_tree_conn_lookup,drivers/scsi/elx/libefc/efc_node.c,efc_node_find,Unknown,Unknown,
CVE-2022-24959,torvalds/linux,29eb31542787e1019208a2e1047bb7c76c069536,drivers/net/hamradio/yam.c,yam_siocdevprivate,drivers/sbus/char/openprom.c,opiocgetnext,Unknown,Unknown,FP
CVE-2019-7397,ImageMagick/ImageMagick,306c1f0fa5754ca78efd16ab752f0e981d4f6b82,coders/pdf.c,WritePDFImage,MagickCore/colorspace.c,TransformsRGBImage,Unknown,Unknown,
CVE-2023-52441,torvalds/linux,536bb492d39bb6c080c92f31e8a55fe9934f452b,fs/smb/server/smb_common.c,init_smb1_server,fs/smb/server/smb2ops.c,init_smb2_1_server,Unknown,Unknown,
CVE-2023-28464,torvalds/linux,5dc7d23e167e2882ef118456ceccd57873e876d8,net/bluetooth/hci_conn.c,hci_conn_unlink,net/bluetooth/sco.c,sco_chan_del,Unknown,Unknown,
CVE-2020-36766,torvalds/linux,6c42227c3467549ddc65efe99c869021d2f4a570,drivers/media/cec/core/cec-api.c,cec_adap_g_log_addrs,drivers/media/cec/core/cec-api.c,cec_adap_s_log_addrs,Unknown,Unknown,TP
CVE-2024-2466,curl/curl,3d0fd382a29b95561b90b7ea3e7eb04dfdd43538,lib/vtls/mbedtls.c,mbed_connect_step1,lib/vtls/openssl.c,ossl_recv,Unknown,Unknown,FP
CVE-2018-20461,radareorg/radare2,a1bc65c3db593530775823d6d7506a457ed95267,libr/core/cmd_anal.c,core_anal_bytes,libr/util/format2.c,r_print_format_hexpairs,Unknown,Unknown,TP
CVE-2021-3573,torvalds/linux,e305509e678b3a4af2b3cfd410f409f7cdaabb52,net/bluetooth/hci_sock.c,hci_sock_dev_event,net/vmw_vsock/vmci_transport.c,vmci_transport_recv_stream_cb,Unknown,Unknown,
OSV-2023-989,radareorg/radare2,a9d18eb4229893fabd9c40ebdb00d7466d9ab401,libr/bin/format/mach0/mach0.c,load_sections,libr/bin/format/mach0/mach0.c,parse_segments,Unknown,Unknown,
CVE-2023-52587,torvalds/linux,4f973e211b3b1c6d36f7c6a19239d258856749f9,drivers/infiniband/ulp/ipoib/ipoib_multicast.c,ipoib_mcast_join,drivers/char/ipmi/kcs_bmc_cdev_ipmi.c,kcs_bmc_ipmi_read,Unknown,Unknown,
CVE-2021-22922,curl/curl,265b14d6b37c4298bd5556fabcbc37d36f911693,src/tool_getparam.c,getparameter,lib/curlx/inet_ntop.c,inet_ntop6,Unknown,Unknown,
CVE-2021-22876,curl/curl,7214288898f5625a6cc196e22a74232eada7861c,lib/transfer.c,Curl_follow,lib/http.c,http_on_response,Unknown,Unknown,FP
CVE-2021-47125,torvalds/linux,944d671d5faa0d78980a3da5c0f04960ef1ad893,net/sched/sch_htb.c,htb_delete,net/sched/sch_htb.c,htb_change_class,Unknown,Unknown,
CVE-2016-6823,ImageMagick/ImageMagick,4cc6ec8a4197d4c008577127736bf7985d632323,coders/bmp.c,WriteBMPImage,coders/bmp.c,WriteBMPImage,Unknown,Unknown,
CVE-2021-47064,torvalds/linux,b4403cee6400c5f679e9c4a82b91d61aa961eccf,drivers/net/wireless/mediatek/mt76/dma.c,mt76_dma_tx_queue_skb_raw,drivers/net/wireless/mediatek/mt76/mt7603/beacon.c,mt7603_pre_tbtt_tasklet,Unknown,Unknown,
CVE-2024-26779,torvalds/linux,bcbc84af1183c8cf3d1ca9b78540c2185cd85e7f,net/mac80211/tx.c,ieee80211_check_fast_xmit,net/mac80211/tx.c,__ieee80211_subif_start_xmit,Unknown,Unknown,
CVE-2020-36312,torvalds/linux,f65886606c2d3b562716de030706dfe1bea4ed5e,virt/kvm/kvm_main.c,kvm_io_bus_unregister_dev,virt/kvm/kvm_main.c,kvm_io_bus_register_dev,Unknown,Unknown,
CVE-2022-1714,radareorg/radare2,3ecdbf8e21186a9c5a4d3cfa3b1e9fd27045340e,libr/anal/p/anal_msp430.c,set_reg_profile,libr/arch/p/arc/plugin.c,regs,Unknown,Unknown,
CVE-2022-29156,torvalds/linux,8700af2cc18c919b2a83e74e0479038fd113c15d,drivers/infiniband/ulp/rtrs/rtrs-clt.c,rtrs_clt_dev_release,drivers/infiniband/ulp/rtrs/rtrs-clt.c,free_path,Unknown,Unknown,
CVE-2021-47008,torvalds/linux,a3ba26ecfb569f4aa3f867e80c02aa65f20aadad,arch/x86/kvm/svm/sev.c,sev_vcpu_deliver_sipi_vector,arch/x86/kvm/svm/sev.c,sev_vcpu_deliver_sipi_vector,Unknown,Unknown,
CVE-2023-32254,torvalds/linux,30210947a343b6b3ca13adc9bfc88e1543e16dd5,fs/ksmbd/smb2pdu.c,smb2_tree_disconnect,fs/smb/server/mgmt/user_session.c,ksmbd_session_destroy,Unknown,Unknown,
CVE-2023-28410,torvalds/linux,661412e301e2ca86799aa4f400d1cf0bd38c57c6,drivers/gpu/drm/i915/gem/i915_gem_mman.c,vm_access,arch/powerpc/platforms/cell/spufs/file.c,spufs_mem_mmap_access,Unknown,Unknown,
CVE-2020-25284,torvalds/linux,f44d04e696feaf13d192d942c4f14ad2e117065a,drivers/block/rbd.c,rbd_image_refresh,drivers/block/rbd.c,rbd_acquire_lock,Unknown,Unknown,
CVE-2021-30014,gpac/gpac,51cdb67ff7c5f1242ac58c5aa603ceaf1793b788,src/media_tools/av_parsers.c,hevc_parse_slice_segment,src/filters/hevcmerge.c,hevcmerge_rewrite_slice,Unknown,Unknown,TP
OSV-2020-543,libarchive/libarchive,9950d89616d31fe2d83f5134d357560c423794ee,libarchive/archive_read_support_format_rar5.c,process_head_file,libarchive/archive_read_support_format_rar.c,read_header,Unknown,Unknown,
CVE-2024-26685,torvalds/linux,5bc09b397cbf1221f8a8aacb1152650c9195b02b,fs/nilfs2/segment.c,nilfs_abort_logs,fs/buffer.c,end_buffer_async_write,Unknown,Unknown,
OSV-2023-717,LibreDWG/libredwg,97cc629fbea0d8d81b33ce382214578f3379de09,src/bits.c,bit_TV_to_utf8_codepage,src/bits.c,bit_TV_to_utf8,Unknown,Unknown,
CVE-2021-20241,ImageMagick/ImageMagick,dd33b451c3e01098efad34bbaca2df78d5391dc8,MagickCore/thread-private.h,GetMagickNumberThreads,Magick++/lib/ResourceLimits.cpp,thread,Unknown,Unknown,
CVE-2022-33740,torvalds/linux,307c8de2b02344805ebead3440d8feed28f2f010,drivers/net/xen-netfront.c,xennet_alloc_one_rx_buffer,drivers/net/virtio_net.c,page_to_skb,Unknown,Unknown,
CVE-2021-47126,torvalds/linux,821bbf79fe46a8b1d18aa456e8ed0a3c208c3754,net/ipv6/route.c,ip6_route_info_create,net/ipv6/route.c,ip6_route_add,Unknown,Unknown,
CVE-2023-26545,torvalds/linux,fda6c89fe3d9aca073495a664e1d5aea28cd4377,net/mpls/af_mpls.c,mpls_dev_sysctl_unregister,net/netfilter/nf_conntrack_standalone.c,nf_conntrack_standalone_fini_sysctl,Unknown,Unknown,
