vul_id,repo,fixed_commit_sha,target_file,target_func,vuln_type,judgement,comment,CWE,patch_file,patch_func
CVE-2020-20448,FFmpeg/FFmpeg,8802e329c8317ca5ceb929df48a23eb0f9e852b2,libavcodec/motion_est.c,ff_pre_estimate_p_frame_motion,Integer Overflow,TP,,CWE-369,libavcodec/snowenc.c,encode_q_branch
CVE-2020-20450,FFmpeg/FFmpeg,3865b1952e5cf993b016d83ba78fe1deb63bbfad,libavformat/matroskadec.c,matroska_parse_content_encodings,Null Pointer Dereference,FP,,CWE-476,libavformat/mxfenc.c,mxf_parse_h264_frame
CVE-2020-20891,FFmpeg/FFmpeg,64a805883d7223c868a683f0030837d859edd2ab,libavfilter/vf_hqdn3d.c,config_input,Buffer Overflow,FP,,CWE-120,libavfilter/vf_gblur.c,config_input
CVE-2020-20891,FFmpeg/FFmpeg,64a805883d7223c868a683f0030837d859edd2ab,libavfilter/avf_showcqt.c,config_output,Buffer Overflow,FP,,CWE-120,libavfilter/vf_gblur.c,config_input
CVE-2020-20891,FFmpeg/FFmpeg,64a805883d7223c868a683f0030837d859edd2ab,libavfilter/af_loudnorm.c,config_input,Buffer Overflow,FP,,CWE-120,libavfilter/vf_gblur.c,config_input
CVE-2020-22038,FFmpeg/FFmpeg,7c32e9cf93b712f8463573a59ed4e98fd10fa013,libavcodec/v4l2_m2m.c,v4l2_m2m_destroy_context,Memory Leak,FP,,CWE-401,libavcodec/v4l2_m2m_dec.c,v4l2_decode_close
CVE-2020-22040,FFmpeg/FFmpeg,1a0c584abc9709b1d11dbafef05d22e0937d7d19,libavfilter/vf_stack.c,uninit,Memory Leak,FP,,CWE-401,libavfilter/f_reverse.c,uninit
CVE-2020-22043,FFmpeg/FFmpeg,b288a7eb3d963a175e177b6219c8271076ee8590,libavformat/oggdec.c,ogg_restore,Memory Leak,TP,,CWE-401,libavformat/mpegenc.c,mpeg_mux_end
CVE-2021-38090,FFmpeg/FFmpeg,99f8d32129dd233d4eb2efa44678a0bc44869f23,libavfilter/vf_convolution.c,filter16_kirsch,Integer Overflow,FP,,CWE-120,libavfilter/vf_convolution.c,filter_prewitt
CVE-2021-38090,FFmpeg/FFmpeg,99f8d32129dd233d4eb2efa44678a0bc44869f23,libavfilter/vf_convolution.c,filter_3x3,Integer Overflow,FP,,CWE-120,libavfilter/vf_convolution.c,filter_prewitt
CVE-2021-38090,FFmpeg/FFmpeg,99f8d32129dd233d4eb2efa44678a0bc44869f23,libavfilter/vf_convolution.c,filter16_3x3,Integer Overflow,TP,,CWE-120,libavfilter/vf_convolution.c,filter16_roberts
CVE-2021-38090,FFmpeg/FFmpeg,99f8d32129dd233d4eb2efa44678a0bc44869f23,libavfilter/vf_convolution.c,filter16_row,Integer Overflow,TP,,CWE-120,libavfilter/vf_convolution.c,filter16_roberts
CVE-2021-38090,FFmpeg/FFmpeg,99f8d32129dd233d4eb2efa44678a0bc44869f23,libavfilter/vf_convolution.c,filter16_7x7,Integer Overflow,TP,,CWE-120,libavfilter/vf_convolution.c,filter16_roberts
CVE-2021-38090,FFmpeg/FFmpeg,99f8d32129dd233d4eb2efa44678a0bc44869f23,libavfilter/vf_convolution.c,filter16_5x5,Integer Overflow,TP,,CWE-120,libavfilter/vf_convolution.c,filter16_roberts
CVE-2021-38093,FFmpeg/FFmpeg,99f8d32129dd233d4eb2efa44678a0bc44869f23,libavfilter/vf_convolution.c,filter16_kirsch,Integer Overflow,FP,,CWE-190,libavfilter/vf_convolution.c,filter_prewitt
CVE-2020-10251,ImageMagick/ImageMagick,868aad754ee599eb7153b84d610f2ecdf7b339f6,coders/uhdr.c,ReadUHDRImage,Out-of-bounds Read,TP,,CWE-125,coders/heic.c,ReadHEICImageByID
CVE-2020-10251,ImageMagick/ImageMagick,868aad754ee599eb7153b84d610f2ecdf7b339f6,coders/pcd.c,ReadPCDImage,Out-of-bounds Read,FP,,CWE-125,coders/heic.c,ReadHEICImageByID
CVE-2020-25664,ImageMagick/ImageMagick,1f450bb5ba53d275de6d1cd086c98a0b549ad393,coders/png.c,WriteOnePNGImage,Buffer Overflow,TP,,CWE-122,coders/png.c,WriteOnePNGImage
CVE-2020-25664,ImageMagick/ImageMagick,1f450bb5ba53d275de6d1cd086c98a0b549ad393,coders/png.c,ReadOnePNGImage,Buffer Overflow,FP,,CWE-122,coders/png.c,WriteOnePNGImage
CVE-2020-25664,ImageMagick/ImageMagick,1f450bb5ba53d275de6d1cd086c98a0b549ad393,coders/miff.c,WriteMIFFImage,Buffer Overflow,FP,,CWE-122,coders/png.c,WriteOnePNGImage
CVE-2020-25664,ImageMagick/ImageMagick,1f450bb5ba53d275de6d1cd086c98a0b549ad393,coders/pdb.c,WritePDBImage,Buffer Overflow,FP,,CWE-122,coders/png.c,WriteOnePNGImage
CVE-2020-25675,ImageMagick/ImageMagick,64dc80b2e1907f7f20bf34d4df9483f938b0de71,MagickCore/shear.c,CropToFitImage,Integer Overflow,FP,,CWE-190,MagickCore/transform.c,CropImageToTiles
CVE-2020-25675,ImageMagick/ImageMagick,64dc80b2e1907f7f20bf34d4df9483f938b0de71,MagickCore/display.c,XCropImage,Integer Overflow,TP,,CWE-190,MagickCore/transform.c,CropImageToTiles
CVE-2020-25676,ImageMagick/ImageMagick,406da3af9e09649cda152663c179902edf5ab3ac,MagickCore/pixel.c,InterpolatePixelChannel,Integer Overflow,FP,,CWE-190,MagickCore/pixel.c,InterpolatePixelChannel
CVE-2020-25676,ImageMagick/ImageMagick,406da3af9e09649cda152663c179902edf5ab3ac,MagickCore/pixel.c,InterpolatePixelChannels,Integer Overflow,FP,,CWE-190,MagickCore/pixel.c,InterpolatePixelChannels
CVE-2020-25676,ImageMagick/ImageMagick,406da3af9e09649cda152663c179902edf5ab3ac,MagickCore/annotate.c,RenderFreetype,Integer Overflow,TP,,CWE-190,MagickCore/pixel.c,ConstrainPixelOffset
CVE-2020-27753,ImageMagick/ImageMagick,bb3acad195de95db86c7509d8072db01890470e0,coders/mtv.c,ReadMTVImage,Memory Leak,FP,,CWE-401,coders/miff.c,WriteMIFFImage
CVE-2020-27753,ImageMagick/ImageMagick,bb3acad195de95db86c7509d8072db01890470e0,www/source/mgk.c,ReadMGKImage,Memory Leak,FP,,CWE-401,coders/miff.c,WriteMIFFImage
CVE-2020-27753,ImageMagick/ImageMagick,bb3acad195de95db86c7509d8072db01890470e0,coders/mpc.c,ReadMPCImage,Memory Leak,TP,,CWE-401,coders/miff.c,ReadMIFFImage
CVE-2020-27753,ImageMagick/ImageMagick,bb3acad195de95db86c7509d8072db01890470e0,coders/aai.c,ReadAAIImage,Memory Leak,FP,,CWE-401,coders/miff.c,ReadMIFFImage
CVE-2020-27753,ImageMagick/ImageMagick,bb3acad195de95db86c7509d8072db01890470e0,coders/flif.c,ReadFLIFImage,Memory Leak,TP,,CWE-401,coders/miff.c,ReadMIFFImage
CVE-2020-27756,ImageMagick/ImageMagick,f35eca82b0c294ff9d0ccad104a881c3ae2ba913,MagickCore/geometry.c,ParseGravityGeometry,Divide By Zero,TP,,CWE-369,MagickCore/geometry.c,ParseMetaGeometry
CVE-2020-27768,ImageMagick/ImageMagick,95d4e94e0353e503b71a53f5e6fad173c7c70c90,MagickCore/quantum-private.h,ScaleQuantumToLong,Integer Overflow,FP,,CWE-190,MagickCore/quantum-private.h,ScaleQuantumToMap
CVE-2020-27768,ImageMagick/ImageMagick,95d4e94e0353e503b71a53f5e6fad173c7c70c90,MagickCore/pixel-accessor.h,IsPixelAtDepth,Integer Overflow,TP,,CWE-190,MagickCore/quantum-private.h,ScaleQuantumToAny
CVE-2020-27770,ImageMagick/ImageMagick,be90a5395695f0d19479a5d46b06c678be7f7927,MagickCore/string.c,SubstituteString,Integer Overflow,FP,,CWE-190,MagickCore/string.c,SubstituteString
CVE-2020-27771,ImageMagick/ImageMagick,872ffe6d0131beec8b47568a4874ffaca91a872e,coders/sun.c,WriteSUNImage,Integer Overflow,TP,,CWE-190,coders/pdf.c,WritePDFImage
CVE-2020-27829,ImageMagick/ImageMagick,6ee5059cd3ac8d82714a1ab1321399b88539abf0,coders/tiff.c,ReadTIFFImage,Buffer Overflow,TP,,CWE-122,coders/tiff.c,ReadTIFFImage
CVE-2021-20224,ImageMagick/ImageMagick,5af1dffa4b6ab984b5f13d1e91c95760d75f12a6,coders/pnm.c,WritePNMImage,Integer Overflow,TP,,CWE-190,MagickCore/quantum-export.c,ExportIndexQuantum
CVE-2021-20245,ImageMagick/ImageMagick,ffb683e62ddedc6436a1b88388eb690d7ca57bf2,coders/flif.c,WriteFLIFImage,Divide By Zero,TP,,CWE-369,coders/webp.c,WriteAnimatedWEBPImage
CVE-2021-3962,ImageMagick/ImageMagick,82775af03bbb10a0a1d0e15c0156c75673b4525e,coders/dcm.c,ReadDCMImage,Use After Free,FP,,CWE-416,coders/dcm.c,ReadDCMImage
CVE-2022-0284,ImageMagick/ImageMagick,e50f19fd73c792ebe912df8ab83aa51a243a3da7,MagickCore/xwindow.c,XDrawImage,Out-of-bounds Read,TP,,CWE-125,coders/xpm.c,WritePICONImage
CVE-2022-1115,ImageMagick/ImageMagick,c8718305f120293d8bf13724f12eed885d830b09,coders/tiff.c,ReadTIFFImage,Buffer Overflow,TP,,CWE-787,coders/tiff.c,ReadTIFFImage
CVE-2022-2719,ImageMagick/ImageMagick,716496e6df0add89e9679d6da9c0afca814cfe49,coders/dcm.c,ReadDCMImage,Logic Error,,,CWE-617,coders/tim2.c,ReadTIM2Image
CVE-2022-2719,ImageMagick/ImageMagick,716496e6df0add89e9679d6da9c0afca814cfe49,MagickWand/mogrify.c,MogrifyImageList,Logic Error,,,CWE-617,MagickWand/operation.c,CLINoImageOperator
CVE-2022-28463,ImageMagick/ImageMagick,ca3654ebf7a439dc736f56f083c9aa98e4464b7f,coders/dpx.c,ReadDPXImage,Buffer Overflow,TP,,CWE-120,coders/cin.c,ReadCINImage
CVE-2022-3213,ImageMagick/ImageMagick,30ccf9a0da1f47161b5935a95be854fe84e6c2a2,coders/tiff.c,ReadTIFFImage,Buffer Overflow,TP,,CWE-787,coders/tiff.c,ReadTIFFImage
CVE-2023-1289,ImageMagick/ImageMagick,c5b23cbf2119540725e6dc81f4deb25798ead6a4,MagickCore/draw.c,DrawPrimitive,Recursion Error,TP,,CWE-20,MagickCore/draw.c,DrawPrimitive
CVE-2023-3195,ImageMagick/ImageMagick,f620340935777b28fa3f7b0ed7ed6bd86946934c,coders/tiff.c,ReadTIFFImage,Buffer Overflow,TP,,CWE-787,coders/tiff.c,ReadTIFFImage
CVE-2021-33193,apache/httpd,ecebcc035ccd8d0e2984fe41420d9e944f456b3c,server/vhost.c,update_server_from_aliases,Improper Validation,FP,,CWE-444,server/vhost.c,update_server_from_aliases
CVE-2021-33193,apache/httpd,ecebcc035ccd8d0e2984fe41420d9e944f456b3c,server/vhost.c,ap_update_vhost_from_headers_ex,Improper Validation,FP,,CWE-444,server/vhost.c,ap_update_vhost_from_headers_ex
CVE-2021-33193,apache/httpd,ecebcc035ccd8d0e2984fe41420d9e944f456b3c,modules/http2/h2_proxy_session.c,open_stream,Improper Validation,FP,,CWE-444,server/vhost.c,ap_update_vhost_from_headers_ex
CVE-2021-33193,apache/httpd,ecebcc035ccd8d0e2984fe41420d9e944f456b3c,modules/http2/h2_request.c,assign_headers,Improper Validation,FP,,CWE-444,server/vhost.c,ap_update_vhost_from_headers_ex
CVE-2020-8286,curl/curl,d9d01672785b8ac04aab1abb6de95fe3072ae199,lib/vtls/gtls.c,Curl_gtls_verifyserver,Improper Validation,TP,,CWE-295,lib/vtls/openssl.c,verifystatus
CVE-2021-22901,curl/curl,7f4a9a9b2a49547eae24d2e19bc5c346e9026479,lib/multi.c,Curl_detach_connection,Use After Free,FP,,CWE-416,lib/multi.c,Curl_detach_connnection
CVE-2021-22901,curl/curl,7f4a9a9b2a49547eae24d2e19bc5c346e9026479,lib/cshutdn.c,cshutdn_update_ev,Use After Free,FP,,CWE-416,lib/vtls/vtls.c,Curl_ssl_associate_conn
CVE-2021-22901,curl/curl,7f4a9a9b2a49547eae24d2e19bc5c346e9026479,lib/cshutdn.c,Curl_cshutdn_setfds,Use After Free,FP,,CWE-416,lib/vtls/vtls.c,Curl_ssl_associate_conn
CVE-2021-22901,curl/curl,7f4a9a9b2a49547eae24d2e19bc5c346e9026479,lib/cshutdn.c,Curl_cshutdn_add_waitfds,Use After Free,FP,,CWE-416,lib/vtls/vtls.c,Curl_ssl_associate_conn
CVE-2021-22901,curl/curl,7f4a9a9b2a49547eae24d2e19bc5c346e9026479,lib/cshutdn.c,Curl_cshutdn_add_pollfds,Use After Free,FP,,CWE-416,lib/vtls/vtls.c,Curl_ssl_associate_conn
CVE-2021-22946,curl/curl,364f174724ef115c63d5e5dc1d3342c8a43b1cca,lib/smtp.c,smtp_state_ehlo_resp,Unknown,FP,,CWE-319,lib/pop3.c,pop3_state_capa_resp
CVE-2021-22946,curl/curl,364f174724ef115c63d5e5dc1d3342c8a43b1cca,lib/imap.c,imap_state_capability_resp,Unknown,FP,,CWE-319,lib/pop3.c,pop3_state_capa_resp
CVE-2021-22946,curl/curl,364f174724ef115c63d5e5dc1d3342c8a43b1cca,lib/imap.c,imap_state_starttls_resp,Unknown,FP,,CWE-319,lib/imap.c,imap_state_capability_resp
CVE-2021-22946,curl/curl,364f174724ef115c63d5e5dc1d3342c8a43b1cca,lib/imap.c,imap_pp_statemachine,Unknown,FP,,CWE-319,lib/ftp.c,ftp_statemachine
CVE-2023-23914,curl/curl,076a2f629119222aeeb50f5a03bf9f9052fabb9a,lib/url.c,Curl_close,Logic Error,FP,,CWE-319,lib/setopt.c,Curl_vsetopt
CVE-2024-7264,curl/curl,27959ecce75cdb2809c0bdb3286e60e08fadb519,tests/unit/unit1656.c,do_test,Out-of-bounds Read,FP,,CWE-125,tests/unit/unit1656.c,do_test
CVE-2024-7264,curl/curl,27959ecce75cdb2809c0bdb3286e60e08fadb519,lib/vtls/x509asn1.c,UTime2str,Out-of-bounds Read,FP,,CWE-125,lib/vtls/x509asn1.c,GTime2str
CVE-2024-9681,curl/curl,a94973805df96269bf3f3bf0a20ccb9887313316,lib/hsts.c,hsts_add,Logic Error,FP,,CWE-697,lib/hsts.c,hsts_add
CVE-2024-9681,curl/curl,a94973805df96269bf3f3bf0a20ccb9887313316,lib/hsts.c,Curl_hsts_parse,Logic Error,FP,,CWE-697,lib/hsts.c,hsts_add
CVE-2020-0430,torvalds/linux,58990d1ff3f7896ee341030e9a7c2e4002570683,kernel/bpf/verifier.c,check_mem_access,Out-of-bounds Read,FP,,CWE-125,kernel/bpf/verifier.c,check_ctx_reg
CVE-2020-10690,torvalds/linux,a33121e5487b424339636b25c35d3a180eaa5f5e,drivers/usb/gadget/function/f_printer.c,printer_open,Use After Free,TP,,CWE-416,kernel/time/posix-clock.c,posix_clock_open
CVE-2020-10690,torvalds/linux,a33121e5487b424339636b25c35d3a180eaa5f5e,drivers/block/drbd/drbd_main.c,drbd_create_device,Use After Free,FP,,CWE-416,kernel/time/posix-clock.c,posix_clock_release
CVE-2020-10690,torvalds/linux,a33121e5487b424339636b25c35d3a180eaa5f5e,drivers/input/serio/serio_raw.c,serio_raw_connect,Use After Free,FP,,CWE-416,kernel/time/posix-clock.c,posix_clock_release
CVE-2020-10690,torvalds/linux,a33121e5487b424339636b25c35d3a180eaa5f5e,drivers/staging/greybus/authentication.c,gb_cap_connection_init,Use After Free,TP,,CWE-416,kernel/time/posix-clock.c,posix_clock_register
CVE-2020-10690,torvalds/linux,a33121e5487b424339636b25c35d3a180eaa5f5e,drivers/char/virtio_console.c,unplug_port,Use After Free,FP,,CWE-416,kernel/time/posix-clock.c,posix_clock_unregister
CVE-2020-10690,torvalds/linux,a33121e5487b424339636b25c35d3a180eaa5f5e,drivers/char/xilinx_hwicap/xilinx_hwicap.c,hwicap_setup,Use After Free,TP,,CWE-416,kernel/time/posix-clock.c,posix_clock_register
CVE-2020-10690,torvalds/linux,a33121e5487b424339636b25c35d3a180eaa5f5e,drivers/staging/greybus/fw-management.c,gb_fw_mgmt_connection_init,Use After Free,TP,,CWE-416,kernel/time/posix-clock.c,posix_clock_register
CVE-2020-10773,torvalds/linux,b8e51a6a9db94bc1fb18ae831b3dab106b5a4b5f,drivers/net/wireless/mediatek/mt76/mt7615/debugfs.c,mt7615_ext_mac_addr_write,Information Exposure,FP,,CWE-626,arch/s390/mm/cmm.c,cmm_timeout_handler
CVE-2020-12352,torvalds/linux,eddb7732119d53400f48a02536a84c509692faa8,net/bluetooth/l2cap_core.c,l2cap_sig_send_rej,Uninitialized Use,FP,,CWE-909,net/bluetooth/a2mp.c,a2mp_chan_recv_cb
CVE-2020-12352,torvalds/linux,eddb7732119d53400f48a02536a84c509692faa8,net/bluetooth/l2cap_core.c,l2cap_le_sig_channel,Uninitialized Use,FP,,CWE-909,net/bluetooth/a2mp.c,a2mp_chan_recv_cb
CVE-2020-12362,torvalds/linux,c784e5249e773689e38d2bc1749f08b986621a26,drivers/gpu/drm/i915/gt/uc/intel_uc_fw.c,__check_ccs_header,Integer Overflow,FP,,CWE-190,drivers/gpu/drm/i915/gt/uc/intel_uc_fw.c,intel_uc_fw_fetch
CVE-2020-12362,torvalds/linux,c784e5249e773689e38d2bc1749f08b986621a26,drivers/gpu/drm/xe/xe_uc_fw.c,parse_css_header,Integer Overflow,FP,,CWE-190,drivers/gpu/drm/i915/gt/uc/intel_uc_fw.c,intel_uc_fw_fetch
CVE-2020-12362,torvalds/linux,c784e5249e773689e38d2bc1749f08b986621a26,drivers/gpu/drm/xe/xe_guc_ads.c,guc_ads_private_data_size,Integer Overflow,TP,,CWE-190,drivers/gpu/drm/i915/gt/uc/intel_guc_ads.c,guc_ads_private_data_reset
CVE-2020-12362,torvalds/linux,c784e5249e773689e38d2bc1749f08b986621a26,drivers/gpu/drm/xe/xe_guc_ads.c,guc_ads_size,Integer Overflow,TP,,CWE-190,drivers/gpu/drm/i915/gt/uc/intel_guc_ads.c,guc_ads_private_data_reset
CVE-2020-12362,torvalds/linux,c784e5249e773689e38d2bc1749f08b986621a26,drivers/gpu/drm/i915/gt/uc/intel_guc_submission.c,guc_lrc_desc_pool_create_v69,Integer Overflow,FP,,CWE-190,drivers/gpu/drm/i915/gt/uc/intel_guc_ads.c,guc_ads_blob_size
CVE-2020-12362,torvalds/linux,c784e5249e773689e38d2bc1749f08b986621a26,drivers/gpu/drm/i915/gt/uc/intel_guc_ads.c,guc_prep_golden_context,Integer Overflow,FP,,CWE-190,drivers/gpu/drm/i915/gt/uc/intel_guc_ads.c,__guc_ads_init
CVE-2020-12769,torvalds/linux,19b61392c5a852b4e8a0bf35aecb969983c5932d,drivers/spi/spi-dw-core.c,dw_reader,Race Condition,,,CWE-662,drivers/spi/spi-dw.c,dw_reader
CVE-2020-12769,torvalds/linux,19b61392c5a852b4e8a0bf35aecb969983c5932d,drivers/spi/spi-dw-core.c,dw_writer,Race Condition,,,CWE-662,drivers/spi/spi-dw.c,dw_writer
CVE-2020-12888,torvalds/linux,abafbc551fddede3e0a08dee1dcde08fc0eb8476,drivers/vdpa/vdpa_user/iova_domain.c,vduse_domain_mmap,Race Condition,,,CWE-755,drivers/vfio/pci/vfio_pci.c,__vfio_pci_add_vma
CVE-2020-12888,torvalds/linux,abafbc551fddede3e0a08dee1dcde08fc0eb8476,drivers/i2c/busses/i2c-thunderx-pcidrv.c,thunder_i2c_probe_pci,Race Condition,,,CWE-755,drivers/vfio/pci/vfio_pci_intrs.c,vfio_msi_enable
CVE-2020-12888,torvalds/linux,abafbc551fddede3e0a08dee1dcde08fc0eb8476,drivers/misc/bcm-vk/bcm_vk_dev.c,bcm_vk_mmap,Race Condition,,,CWE-755,drivers/vfio/pci/vfio_pci.c,vfio_pci_mmap_fault
CVE-2020-12888,torvalds/linux,abafbc551fddede3e0a08dee1dcde08fc0eb8476,arch/powerpc/platforms/powernv/memtrace.c,memtrace_mmap,Race Condition,,,CWE-755,drivers/vfio/pci/vfio_pci.c,vfio_pci_mmap_fault
CVE-2020-12888,torvalds/linux,abafbc551fddede3e0a08dee1dcde08fc0eb8476,drivers/soc/qcom/rmtfs_mem.c,qcom_rmtfs_mem_mmap,Race Condition,,,CWE-755,drivers/vfio/pci/vfio_pci.c,vfio_pci_mmap_fault
CVE-2020-12888,torvalds/linux,abafbc551fddede3e0a08dee1dcde08fc0eb8476,drivers/dma/idxd/cdev.c,idxd_cdev_mmap,Race Condition,,,CWE-755,drivers/vfio/pci/vfio_pci.c,vfio_pci_mmap_fault
CVE-2020-12888,torvalds/linux,abafbc551fddede3e0a08dee1dcde08fc0eb8476,drivers/pci/mmap.c,pci_mmap_resource_range,Race Condition,,,CWE-755,drivers/vfio/pci/vfio_pci.c,vfio_pci_zap_and_vma_lock
CVE-2020-12888,torvalds/linux,abafbc551fddede3e0a08dee1dcde08fc0eb8476,drivers/vfio/cdx/intr.c,vfio_cdx_msi_disable,Race Condition,,,CWE-755,drivers/vfio/pci/vfio_pci_intrs.c,vfio_msi_disable
CVE-2020-12888,torvalds/linux,abafbc551fddede3e0a08dee1dcde08fc0eb8476,drivers/vdpa/ifcvf/ifcvf_main.c,ifcvf_request_vqs_reused_irq,Race Condition,,,CWE-755,drivers/vfio/pci/vfio_pci_intrs.c,vfio_msi_set_vector_signal
CVE-2020-12888,torvalds/linux,abafbc551fddede3e0a08dee1dcde08fc0eb8476,drivers/vdpa/ifcvf/ifcvf_main.c,ifcvf_request_per_vq_irq,Race Condition,,,CWE-755,drivers/vfio/pci/vfio_pci_intrs.c,vfio_msi_set_vector_signal
CVE-2020-14385,torvalds/linux,f4020438fab05364018c91f7e02ebdd192085933,fs/xfs/libxfs/xfs_attr_leaf.c,xfs_attr_shortform_verify,Logic Error,,,CWE-131,fs/xfs/libxfs/xfs_attr_leaf.c,xfs_attr_shortform_verify
CVE-2020-14416,torvalds/linux,0ace17d56824165c7f4c68785d6b58971db954dd,drivers/net/can/slcan/slcan-core.c,slcan_write_wakeup,Use After Free,TP,,CWE-362,drivers/net/can/slcan.c,slcan_write_wakeup
CVE-2020-14416,torvalds/linux,0ace17d56824165c7f4c68785d6b58971db954dd,net/nfc/nci/uart.c,nci_uart_tty_close,Use After Free,TP,,CWE-362,drivers/net/can/slcan.c,slcan_close
CVE-2020-14416,torvalds/linux,0ace17d56824165c7f4c68785d6b58971db954dd,drivers/net/can/slcan/slcan-core.c,slcan_close,Use After Free,TP,,CWE-362,drivers/net/can/slcan.c,slcan_write_wakeup
CVE-2020-14416,torvalds/linux,0ace17d56824165c7f4c68785d6b58971db954dd,drivers/bluetooth/hci_ldisc.c,hci_uart_tty_close,Use After Free,TP,,CWE-362,drivers/net/can/slcan.c,slcan_close
CVE-2020-14416,torvalds/linux,0ace17d56824165c7f4c68785d6b58971db954dd,sound/soc/codecs/cx20442.c,v253_close,Use After Free,FP,,CWE-362,drivers/net/can/slcan.c,slcan_close
CVE-2020-14416,torvalds/linux,0ace17d56824165c7f4c68785d6b58971db954dd,drivers/tty/n_hdlc.c,n_hdlc_tty_close,Use After Free,TP,,CWE-362,drivers/net/can/slcan.c,slcan_close
CVE-2020-14416,torvalds/linux,0ace17d56824165c7f4c68785d6b58971db954dd,drivers/net/mctp/mctp-serial.c,mctp_serial_tty_write_wakeup,Use After Free,TP,,CWE-362,drivers/net/slip/slip.c,slip_write_wakeup
CVE-2020-14416,torvalds/linux,0ace17d56824165c7f4c68785d6b58971db954dd,drivers/net/can/can327.c,can327_ldisc_tx_wakeup,Use After Free,TP,,CWE-362,drivers/net/slip/slip.c,slip_write_wakeup
CVE-2020-14416,torvalds/linux,0ace17d56824165c7f4c68785d6b58971db954dd,net/phonet/pep-gprs.c,gprs_detach,Use After Free,TP,,CWE-362,drivers/net/slip/slip.c,slip_close
CVE-2020-14416,torvalds/linux,0ace17d56824165c7f4c68785d6b58971db954dd,drivers/staging/greybus/uart.c,gb_tty_write,Use After Free,FP,,CWE-362,drivers/net/slip/slip.c,slip_write_wakeup
CVE-2020-16166,torvalds/linux,f227e3ec3b5cad859ad15666874405e8c1bbc1d4,drivers/char/random.c,add_interrupt_randomness,Cryptographic Issue,FP,,CWE-330,drivers/char/random.c,add_interrupt_randomness
CVE-2020-25645,torvalds/linux,34beb21594519ce64a55a498c2fe7d567bc1ca20,drivers/net/gtp.c,ip6_route_output_gtp,Information Exposure,TP,,CWE-319,drivers/net/geneve.c,geneve_get_v6_dst
CVE-2020-25656,torvalds/linux,82e61c3909db51d91b9d3e2071557b6435018b80,drivers/s390/char/keyboard.c,k_fn,Use After Free,TP,,CWE-416,drivers/tty/vt/keyboard.c,k_fn
CVE-2020-25668,torvalds/linux,90bfdeef83f1d6c696039b6a917190dcbbad3220,drivers/accessibility/speakup/selection.c,__speakup_set_selection,Use After Free,TP,,CWE-662,drivers/tty/vt/vt_ioctl.c,vt_io_fontreset
CVE-2020-25668,torvalds/linux,90bfdeef83f1d6c696039b6a917190dcbbad3220,drivers/video/fbdev/core/fbcon.c,fbcon_get_requirement,Use After Free,FP,竞态,CWE-662,drivers/tty/vt/vt_ioctl.c,vt_io_fontreset
CVE-2020-25669,torvalds/linux,77e70d351db7de07a46ac49b87a6c3c7a60fca7e,drivers/input/keyboard/lkkbd.c,lkkbd_interrupt,Use After Free,FP,,CWE-416,drivers/input/keyboard/sunkbd.c,sunkbd_interrupt
CVE-2020-25669,torvalds/linux,77e70d351db7de07a46ac49b87a6c3c7a60fca7e,drivers/net/ethernet/natsemi/ns83820.c,ns83820_rx_kick,Use After Free,TP,竞态,CWE-416,drivers/input/keyboard/sunkbd.c,sunkbd_interrupt
CVE-2020-26088,torvalds/linux,26896f01467a28651f7a536143fe5ac8449d4041,net/bluetooth/hci_sock.c,hci_sock_create,Authorization Bypass,FP,,CWE-276,net/nfc/rawsock.c,rawsock_create
CVE-2020-26088,torvalds/linux,26896f01467a28651f7a536143fe5ac8449d4041,net/bluetooth/cmtp/sock.c,cmtp_sock_create,Authorization Bypass,TP,,CWE-276,net/nfc/rawsock.c,rawsock_create
CVE-2020-26088,torvalds/linux,26896f01467a28651f7a536143fe5ac8449d4041,net/bluetooth/hidp/sock.c,hidp_sock_create,Authorization Bypass,TP,,CWE-276,net/nfc/rawsock.c,rawsock_create
CVE-2020-27820,torvalds/linux,aff2299e0d81b26304ccc6a1ec0170e437f38efc,drivers/gpu/drm/tilcdc/tilcdc_drv.c,tilcdc_fini,Use After Free,TP,,CWE-416,drivers/gpu/drm/nouveau/nouveau_drm.c,nouveau_drm_device_remove
CVE-2020-27820,torvalds/linux,aff2299e0d81b26304ccc6a1ec0170e437f38efc,drivers/gpu/drm/rockchip/rockchip_drm_drv.c,rockchip_drm_unbind,Use After Free,TP,,CWE-416,drivers/gpu/drm/nouveau/nouveau_drm.c,nouveau_drm_device_remove
CVE-2020-27820,torvalds/linux,aff2299e0d81b26304ccc6a1ec0170e437f38efc,drivers/gpu/drm/drm_drv.c,drm_put_dev,Use After Free,TP,已标记弃用,CWE-416,drivers/gpu/drm/nouveau/nouveau_drm.c,nouveau_drm_device_remove
CVE-2020-27820,torvalds/linux,aff2299e0d81b26304ccc6a1ec0170e437f38efc,drivers/gpu/drm/hisilicon/kirin/kirin_drm_drv.c,kirin_drm_unbind,Use After Free,TP,,CWE-416,drivers/gpu/drm/nouveau/nouveau_drm.c,nouveau_drm_device_remove
CVE-2020-29374,torvalds/linux,17839856fd588f4ab6b789f482ed3ffd7c403e1f,mm/gup.c,gup_fast_fallback,Race Condition,,,CWE-362,mm/gup.c,internal_get_user_pages_fast
CVE-2020-36787,torvalds/linux,3536169f8531c2c5b153921dc7d1ac9fd570cda7,drivers/media/platform/nuvoton/npcm-video.c,npcm_video_probe,Logic Error,,,CWE-664,drivers/media/platform/aspeed-video.c,aspeed_video_probe
CVE-2021-0447,torvalds/linux,ee40fb2e1eb5bc0ddd3f2f83c6e39a454ef5a741,net/l2tp/l2tp_core.c,l2tp_tunnel_del_work,Race Condition,,,CWE-362,net/l2tp/l2tp_ppp.c,pppol2tp_session_close
CVE-2021-26708,torvalds/linux,c518adafa39f37858697ac9309c6cf1805581446,net/vmw_vsock/af_vsock.c,vsock_connectible_wait_data,Race Condition,,,CWE-667,net/vmw_vsock/af_vsock.c,vsock_stream_recvmsg
CVE-2021-28711,torvalds/linux,0fd08a34e8e3b67ec9bd8287ac0facf8374b844a,drivers/char/tpm/xen-tpmfront.c,setup_ring,Resource Exhaustion,TP,,CWE-400,drivers/block/xen-blkfront.c,setup_blkring
CVE-2021-28711,torvalds/linux,0fd08a34e8e3b67ec9bd8287ac0facf8374b844a,drivers/pci/xen-pcifront.c,pcifront_publish_info,Resource Exhaustion,TP,,CWE-400,drivers/block/xen-blkfront.c,setup_blkring
CVE-2021-28711,torvalds/linux,0fd08a34e8e3b67ec9bd8287ac0facf8374b844a,drivers/xen/pvcalls-front.c,pvcalls_front_probe,Resource Exhaustion,TP,,CWE-400,drivers/block/xen-blkfront.c,setup_blkring
CVE-2021-28711,torvalds/linux,0fd08a34e8e3b67ec9bd8287ac0facf8374b844a,drivers/input/misc/xen-kbdfront.c,xenkbd_connect_backend,Resource Exhaustion,TP,,CWE-400,drivers/block/xen-blkfront.c,setup_blkring
CVE-2021-29154,torvalds/linux,e4d4d456436bfb2fe412ee2cd489f7658449b098,arch/sparc/net/bpf_jit_comp_32.c,bpf_jit_compile,Logic Error,,,CWE-77,arch/x86/net/bpf_jit_comp.c,do_jit
CVE-2021-33033,torvalds/linux,ad5d07f4a9cd671233ae20983848874731102c08,net/ipv4/cipso_ipv4.c,cipso_v4_doi_remove,Use After Free,FP,,CWE-416,net/ipv4/cipso_ipv4.c,cipso_v4_doi_putdef
CVE-2021-33033,torvalds/linux,ad5d07f4a9cd671233ae20983848874731102c08,arch/x86/kvm/mmu/tdp_mmu.c,kvm_tdp_mmu_put_root,Use After Free,FP,,CWE-416,net/ipv6/calipso.c,calipso_doi_putdef
CVE-2021-33033,torvalds/linux,ad5d07f4a9cd671233ae20983848874731102c08,net/smc/smc_ism.c,smc_ism_put_vlan,Use After Free,FP,,CWE-416,net/ipv4/cipso_ipv4.c,cipso_v4_doi_remove
CVE-2021-3347,torvalds/linux,12bb3f7f1b03d5913b3f9d4236a488aa7774dfe9,kernel/futex/pi.c,fixup_pi_state_owner,Use After Free,FP,,CWE-416,kernel/futex.c,fixup_owner
CVE-2021-3347,torvalds/linux,12bb3f7f1b03d5913b3f9d4236a488aa7774dfe9,kernel/futex/requeue.c,futex_wait_requeue_pi,Use After Free,FP,有引用泄漏,CWE-416,kernel/futex.c,fixup_owner
CVE-2021-3411,torvalds/linux,0d07c0ec4381f630c801539c79ad8dcc627f6e4a,arch/x86/kernel/kprobes/core.c,__copy_instruction,Logic Error,,,CWE-94,arch/x86/kernel/kprobes/opt.c,can_optimize
CVE-2021-3411,torvalds/linux,0d07c0ec4381f630c801539c79ad8dcc627f6e4a,arch/x86/kernel/kprobes/opt.c,can_optimize,Logic Error,,,CWE-94,arch/x86/kernel/kprobes/opt.c,can_optimize
CVE-2021-3411,torvalds/linux,0d07c0ec4381f630c801539c79ad8dcc627f6e4a,arch/x86/kernel/kprobes/core.c,can_probe,Logic Error,,,CWE-94,arch/x86/kernel/kprobes/opt.c,can_optimize
CVE-2021-3640,torvalds/linux,99c23da0eed4fd20cae8243f2b51e10e66aa0951,net/ax25/af_ax25.c,ax25_sendmsg,Use After Free,TP,,CWE-362,net/bluetooth/sco.c,sco_send_frame
CVE-2021-3640,torvalds/linux,99c23da0eed4fd20cae8243f2b51e10e66aa0951,net/bluetooth/l2cap_sock.c,l2cap_sock_setsockopt_old,Use After Free,TP,,CWE-362,net/bluetooth/sco.c,sco_sock_sendmsg
CVE-2021-3640,torvalds/linux,99c23da0eed4fd20cae8243f2b51e10e66aa0951,net/bluetooth/l2cap_sock.c,l2cap_sock_getsockopt,Use After Free,TP,,CWE-362,net/bluetooth/sco.c,sco_sock_sendmsg
CVE-2021-3640,torvalds/linux,99c23da0eed4fd20cae8243f2b51e10e66aa0951,net/phonet/datagram.c,pn_sendmsg,Use After Free,FP,,CWE-362,net/bluetooth/sco.c,sco_send_frame
CVE-2021-3640,torvalds/linux,99c23da0eed4fd20cae8243f2b51e10e66aa0951,net/bluetooth/iso.c,iso_sock_getsockopt,Use After Free,TP,,CWE-362,net/bluetooth/sco.c,sco_sock_sendmsg
CVE-2021-3640,torvalds/linux,99c23da0eed4fd20cae8243f2b51e10e66aa0951,net/caif/caif_socket.c,caif_seqpkt_sendmsg,Use After Free,FP,,CWE-362,net/bluetooth/sco.c,sco_send_frame
CVE-2021-3752,torvalds/linux,1bff51ea59a9afb67d2dd78518ab0582a54a472c,net/bluetooth/l2cap_sock.c,l2cap_sock_alloc_skb_cb,Use After Free,TP,,CWE-362,net/bluetooth/l2cap_sock.c,l2cap_sock_close_cb
CVE-2021-3752,torvalds/linux,1bff51ea59a9afb67d2dd78518ab0582a54a472c,net/bluetooth/l2cap_sock.c,l2cap_sock_cleanup_listen,Use After Free,FP,,CWE-362,net/bluetooth/l2cap_sock.c,l2cap_sock_close_cb
CVE-2021-3752,torvalds/linux,1bff51ea59a9afb67d2dd78518ab0582a54a472c,net/bluetooth/l2cap_sock.c,l2cap_sock_ready_cb,Use After Free,TP,,CWE-362,net/bluetooth/l2cap_sock.c,l2cap_sock_teardown_cb
CVE-2021-3752,torvalds/linux,1bff51ea59a9afb67d2dd78518ab0582a54a472c,net/bluetooth/l2cap_sock.c,l2cap_sock_defer_cb,Use After Free,TP,,CWE-362,net/bluetooth/l2cap_sock.c,l2cap_sock_teardown_cb
CVE-2021-3752,torvalds/linux,1bff51ea59a9afb67d2dd78518ab0582a54a472c,net/bluetooth/iso.c,iso_chan_del,Use After Free,FP,,CWE-362,net/bluetooth/l2cap_sock.c,l2cap_sock_teardown_cb
CVE-2021-38206,torvalds/linux,bddc0c411a45d3718ac535a070f349be8eca8d48,net/mac80211/rx.c,ieee80211_rx_mesh_data,Null Pointer Dereference,FP,,CWE-476,net/mac80211/tx.c,ieee80211_monitor_start_xmit
CVE-2021-38206,torvalds/linux,bddc0c411a45d3718ac535a070f349be8eca8d48,net/mac80211/rate.c,ieee80211_get_tx_rates,Null Pointer Dereference,TP,,CWE-476,net/mac80211/tx.c,ieee80211_validate_radiotap_len
CVE-2021-38206,torvalds/linux,bddc0c411a45d3718ac535a070f349be8eca8d48,net/mac80211/tx.c,ieee80211_duration,Null Pointer Dereference,FP,,CWE-476,net/mac80211/tx.c,ieee80211_validate_radiotap_len
CVE-2021-38206,torvalds/linux,bddc0c411a45d3718ac535a070f349be8eca8d48,net/mac80211/tx.c,ieee80211_tx_h_rate_ctrl,Null Pointer Dereference,TP,,CWE-476,net/mac80211/tx.c,ieee80211_validate_radiotap_len
CVE-2021-38207,torvalds/linux,c364df2489b8ef2f5e3159b1dff1ff1fdb16040d,drivers/net/ethernet/ni/nixge.c,nixge_start_xmit,Buffer Overflow,FP,,CWE-120,drivers/net/ethernet/xilinx/ll_temac_main.c,temac_start_xmit
CVE-2021-39685,torvalds/linux,153a2d7e3350cc89d406ba2d35be8793a64c2038,drivers/usb/gadget/function/f_uac1.c,audio_set_endpoint_req,Buffer Overflow,FP,,CWE-787,drivers/usb/gadget/legacy/inode.c,gadgetfs_setup
CVE-2021-39685,torvalds/linux,153a2d7e3350cc89d406ba2d35be8793a64c2038,drivers/usb/gadget/function/f_uac1_legacy.c,f_audio_setup,Buffer Overflow,FP,,CWE-787,drivers/usb/gadget/legacy/dbgp.c,dbgp_setup
CVE-2021-39685,torvalds/linux,153a2d7e3350cc89d406ba2d35be8793a64c2038,drivers/usb/gadget/function/f_uac1.c,f_audio_setup,Buffer Overflow,FP,,CWE-787,drivers/usb/gadget/legacy/dbgp.c,dbgp_setup
CVE-2021-39685,torvalds/linux,153a2d7e3350cc89d406ba2d35be8793a64c2038,drivers/usb/gadget/function/f_printer.c,printer_func_setup,Buffer Overflow,TP,,CWE-787,drivers/usb/gadget/legacy/dbgp.c,dbgp_setup
CVE-2021-39685,torvalds/linux,153a2d7e3350cc89d406ba2d35be8793a64c2038,drivers/usb/gadget/udc/fsl_qe_udc.c,setup_received_handle,Buffer Overflow,FP,,CWE-787,drivers/usb/gadget/composite.c,composite_setup
CVE-2021-39685,torvalds/linux,153a2d7e3350cc89d406ba2d35be8793a64c2038,drivers/usb/gadget/udc/fsl_udc_core.c,setup_received_irq,Buffer Overflow,FP,,CWE-787,drivers/usb/gadget/composite.c,composite_setup
CVE-2021-39686,torvalds/linux,29bc22ac5e5bc63275e850f0c8fc549e3d0e306b,drivers/android/binder.c,binder_transaction,Race Condition,,,CWE-362,drivers/android/binder.c,binder_transaction
CVE-2021-44733,torvalds/linux,dfd0743f1d9ea76931510ed150334d571fbab49d,drivers/soc/qcom/apr.c,gpr_free_port,Use After Free,TP,竞态,CWE-362,drivers/tee/tee_shm.c,tee_shm_release
CVE-2021-44733,torvalds/linux,dfd0743f1d9ea76931510ed150334d571fbab49d,drivers/gpu/drm/qxl/qxl_release.c,qxl_release_free,Use After Free,FP,竞态,CWE-362,drivers/tee/tee_shm.c,tee_shm_release
CVE-2021-44733,torvalds/linux,dfd0743f1d9ea76931510ed150334d571fbab49d,drivers/interconnect/core.c,icc_node_destroy,Use After Free,FP,竞态,CWE-362,drivers/tee/tee_shm.c,tee_shm_release
CVE-2021-44733,torvalds/linux,dfd0743f1d9ea76931510ed150334d571fbab49d,drivers/tty/rpmsg_tty.c,rpmsg_tty_destruct_port,Use After Free,FP,竞态,CWE-362,drivers/tee/tee_shm.c,tee_shm_release
CVE-2021-46904,torvalds/linux,8a12f8836145ffe37e9c8733dce18c22fb668b66,drivers/usb/class/cdc-acm.c,acm_disconnect,Race Condition,,,CWE-476,drivers/net/usb/hso.c,hso_serial_tty_unregister
CVE-2021-46904,torvalds/linux,8a12f8836145ffe37e9c8733dce18c22fb668b66,drivers/isdn/capi/capi.c,capiminor_free,Race Condition,,,CWE-476,drivers/net/usb/hso.c,hso_serial_tty_unregister
CVE-2021-46906,torvalds/linux,6be388f4a35d2ce5ef7dbf635a8964a5da7f799f,drivers/staging/greybus/hid.c,gb_hid_report_len,Information Exposure,TP,,CWE-668,include/linux/hid.h,hid_report_len
CVE-2021-46977,torvalds/linux,5104d7ffcf24749939bea7fdb5378d186473f890,arch/x86/events/core.c,check_hw_exists,Race Condition,,,CWE-362,arch/x86/kvm/x86.c,kvm_probe_user_return_msr
CVE-2021-46994,torvalds/linux,03c427147b2d3e503af258711af4fc792b89b0af,drivers/net/can/spi/hi311x.c,hi3110_stop,Null Pointer Dereference,TP,,CWE-476,drivers/net/can/spi/mcp251x.c,mcp251x_stop
CVE-2021-46997,torvalds/linux,4d6a38da8e79e94cbd1344aa90876f0f805db705,arch/arm64/kernel/entry-common.c,__exit_to_kernel_mode,Logic Error,,,CWE-684,arch/arm64/include/asm/daifflags.h,local_daif_inherit
CVE-2021-47034,torvalds/linux,b8b2f37cf632434456182e9002d63cbc4cccc50c,arch/powerpc/mm/nohash/book3e_pgtable.c,map_kernel_page,Race Condition,,,CWE-362,arch/powerpc/mm/book3s64/radix_pgtable.c,early_map_kernel_page
CVE-2021-47034,torvalds/linux,b8b2f37cf632434456182e9002d63cbc4cccc50c,mm/hugetlb_vmemmap.c,vmemmap_split_pmd,Race Condition,,,CWE-362,arch/powerpc/mm/book3s64/radix_pgtable.c,early_map_kernel_page
CVE-2021-47034,torvalds/linux,b8b2f37cf632434456182e9002d63cbc4cccc50c,mm/kasan/shadow.c,kasan_populate_vmalloc_pte,Race Condition,,,CWE-362,arch/powerpc/mm/book3s64/radix_pgtable.c,early_map_kernel_page
CVE-2021-47034,torvalds/linux,b8b2f37cf632434456182e9002d63cbc4cccc50c,arch/powerpc/mm/kasan/init_book3e_64.c,kasan_map_kernel_page,Race Condition,,,CWE-362,arch/powerpc/mm/book3s64/radix_pgtable.c,early_map_kernel_page
CVE-2021-47034,torvalds/linux,b8b2f37cf632434456182e9002d63cbc4cccc50c,arch/powerpc/mm/pgtable_32.c,map_kernel_page,Race Condition,,,CWE-362,arch/powerpc/mm/book3s64/radix_pgtable.c,__map_kernel_page
CVE-2021-47034,torvalds/linux,b8b2f37cf632434456182e9002d63cbc4cccc50c,mm/huge_memory.c,__split_huge_zero_page_pmd,Race Condition,,,CWE-362,arch/powerpc/mm/book3s64/radix_pgtable.c,__map_kernel_page
CVE-2021-47071,torvalds/linux,3ee098f96b8b6c1a98f7f97915f8873164e6af9d,drivers/net/hyperv/netvsc.c,netvsc_init_buf,Memory Leak,TP,,CWE-401,drivers/uio/uio_hv_generic.c,hv_uio_probe
CVE-2021-47091,torvalds/linux,87a270625a89fc841f1a7e21aae6176543d8385c,net/mac80211/cfg.c,ieee80211_start_ap,Logic Error,,,CWE-667,net/mac80211/cfg.c,ieee80211_start_ap
CVE-2021-47112,torvalds/linux,8b79feffeca28c5459458fe78676b081e87c93a4,arch/x86/kernel/cpu/vmware.c,vmware_smp_prepare_boot_cpu,Use After Free,TP,,CWE-416,arch/x86/kernel/kvm.c,kvm_resume
CVE-2021-47114,torvalds/linux,6bba4471f0cc1296fe3c2089b9e52442d3074b2e,fs/ocfs2/file.c,__ocfs2_change_file_space,Logic Error,,,CWE-664,fs/ocfs2/file.c,__ocfs2_change_file_space
CVE-2021-47114,torvalds/linux,6bba4471f0cc1296fe3c2089b9e52442d3074b2e,fs/ioctl.c,ioctl_preallocate,Logic Error,,,CWE-664,fs/ocfs2/file.c,__ocfs2_change_file_space
CVE-2021-47114,torvalds/linux,6bba4471f0cc1296fe3c2089b9e52442d3074b2e,fs/ocfs2/dir.c,ocfs2_extend_dir,Logic Error,,,CWE-664,fs/ocfs2/file.c,__ocfs2_change_file_space
CVE-2021-47170,torvalds/linux,4f2629ea67e7225c3fd292c7fe4f5b3c9d6392de,drivers/usb/core/devio.c,proc_do_submiturb,Resource Exhaustion,FP,已修复,CWE-770,drivers/usb/core/devio.c,do_proc_bulk
CVE-2022-0330,torvalds/linux,7938d61591d33394a21bdd7797a245b65428f44c,drivers/gpu/drm/i915/intel_uncore.c,intel_uncore_forcewake_put_delayed,Race Condition,,,CWE-281,drivers/gpu/drm/i915/intel_uncore.c,intel_uncore_forcewake_put
CVE-2022-0330,torvalds/linux,7938d61591d33394a21bdd7797a245b65428f44c,drivers/gpu/drm/i915/gt/intel_workarounds.c,wa_list_apply,Race Condition,,,CWE-281,drivers/gpu/drm/i915/intel_uncore.c,intel_uncore_forcewake_put
CVE-2022-0330,torvalds/linux,7938d61591d33394a21bdd7797a245b65428f44c,drivers/gpu/drm/i915/i915_vma.c,i915_vma_bind,Race Condition,,,CWE-281,drivers/gpu/drm/i915/i915_vma.c,i915_vma_bind
CVE-2022-1016,torvalds/linux,4c905f6740a365464e91467aa50916555b28213d,net/netfilter/nf_tables_core.c,nft_do_chain,Uninitialized Use,FP,设计决策,CWE-909,net/netfilter/nf_tables_core.c,nft_do_chain
CVE-2022-1204,torvalds/linux,9fd75b66b8f68498454d685dc4ba13192ae069b0,net/ax25/af_ax25.c,ax25_release,Memory Leak,FP,已修复,CWE-416,net/ax25/af_ax25.c,ax25_release
CVE-2022-1263,torvalds/linux,5593473a1e6c743764b08e3b6071cb43b5cfa6c4,virt/kvm/kvm_main.c,kvm_vm_ioctl_create_vcpu,Null Pointer Dereference,FP,,CWE-476,virt/kvm/kvm_main.c,kvm_vcpu_destroy
CVE-2022-1419,torvalds/linux,4b848f20eda5974020f043ca14bacf7a7e634fc8,drivers/gpu/drm/drm_gem_dma_helper.c,drm_gem_dma_create_with_handle,Use After Free,FP,,CWE-416,drivers/gpu/drm/vgem/vgem_drv.c,vgem_gem_create
CVE-2022-20158,torvalds/linux,c700525fcc06b05adfea78039de02628af79e07a,net/packet/af_packet.c,packet_rcv,Buffer Overflow,FP,,CWE-416,net/packet/af_packet.c,tpacket_rcv
CVE-2022-20368,torvalds/linux,c700525fcc06b05adfea78039de02628af79e07a,net/packet/af_packet.c,packet_rcv,Out-of-bounds Read,FP,,CWE-125,net/packet/af_packet.c,tpacket_rcv
CVE-2022-20565,torvalds/linux,bce1305c0ece3dc549663605e567655dd701752c,drivers/hid/i2c-hid/i2c-hid-core.c,i2c_hid_get_report_length,Buffer Overflow,TP,,CWE-787,drivers/hid/hid-core.c,hid_output_report
CVE-2022-20565,torvalds/linux,bce1305c0ece3dc549663605e567655dd701752c,drivers/hid/hid-goodix-spi.c,goodix_hid_get_report_length,Buffer Overflow,TP,,CWE-787,drivers/hid/hid-core.c,hid_output_report
CVE-2022-21499,torvalds/linux,eadb2f47a3ced5c64b23b90fd2a3463f63726066,kernel/debug/kdb/kdb_main.c,kdb_parse,Authorization Bypass,FP,,CWE-787,kernel/debug/kdb/kdb_main.c,kdb_check_for_lockdown
CVE-2022-2873,torvalds/linux,690b2549b19563ec5ad53e5c82f6a944d910086e,drivers/iio/chemical/sunrise_co2.c,sunrise_regmap_read,Buffer Overflow,TP,需要硬件犯病,CWE-131,drivers/i2c/busses/i2c-ismt.c,ismt_access
CVE-2022-28893,torvalds/linux,f00432063db1a0db484e85193eccc6845435b80e,net/sunrpc/xprtsock.c,xs_destroy,Use After Free,FP,,CWE-416,net/sunrpc/xprtsock.c,xs_local_send_request
CVE-2022-2964,torvalds/linux,57bc3d3ae8c14df3ceb4e17d26ddf9eeab304581,drivers/net/wireless/realtek/rtl8xxxu/core.c,rtl8xxxu_parse_rxdesc24,Out-of-bounds Read,TP,需要恶意usb,CWE-119,drivers/net/usb/ax88179_178a.c,ax88179_rx_fixup
CVE-2022-2977,torvalds/linux,7e0438f83dc769465ee663bb5dcf8cc154940712,drivers/rpmsg/rpmsg_char.c,rpmsg_chrdev_eptdev_destroy,Use After Free,FP,,CWE-416,drivers/char/tpm/tpm2-space.c,tpm_devs_remove
CVE-2022-2977,torvalds/linux,7e0438f83dc769465ee663bb5dcf8cc154940712,drivers/mtd/ubi/vmt.c,ubi_remove_volume,Use After Free,FP,,CWE-416,drivers/char/tpm/tpm2-space.c,tpm_devs_remove
CVE-2022-2977,torvalds/linux,7e0438f83dc769465ee663bb5dcf8cc154940712,drivers/media/cec/core/cec-core.c,cec_devnode_unregister,Use After Free,FP,,CWE-416,drivers/char/tpm/tpm2-space.c,tpm_devs_remove
CVE-2022-2977,torvalds/linux,7e0438f83dc769465ee663bb5dcf8cc154940712,drivers/char/tpm/tpm-chip.c,tpm_class_shutdown,Use After Free,FP,,CWE-416,drivers/char/tpm/tpm2-space.c,tpm_devs_release
CVE-2022-2977,torvalds/linux,7e0438f83dc769465ee663bb5dcf8cc154940712,drivers/fsi/fsi-core.c,fsi_slave_init,Use After Free,FP,有其他漏洞,CWE-416,drivers/char/tpm/tpm-chip.c,tpm_add_char_device
CVE-2022-2977,torvalds/linux,7e0438f83dc769465ee663bb5dcf8cc154940712,drivers/scsi/mvsas/mv_init.c,mvs_pci_init,Use After Free,FP,,CWE-416,drivers/char/tpm/tpm-chip.c,tpm_add_char_device
CVE-2022-3077,torvalds/linux,690b2549b19563ec5ad53e5c82f6a944d910086e,drivers/i2c/i2c-core-smbus.c,i2c_smbus_read_block_data,Buffer Overflow,TP,,CWE-120,drivers/i2c/busses/i2c-ismt.c,ismt_access
CVE-2022-3543,torvalds/linux,7a62ed61367b8fd01bae1e18e30602c25060d824,net/unix/af_unix.c,unix_release_sock,Memory Leak,TP,像是回归漏洞,CWE-401,net/unix/af_unix.c,unix_release_sock
CVE-2022-3564,torvalds/linux,3aff8aaca4e36dc8b17eaa011684881a80238966,net/bluetooth/l2cap_core.c,l2cap_rx_state_srej_sent,Use After Free,FP,,CWE-362,net/bluetooth/l2cap_core.c,l2cap_rx_state_recv
CVE-2022-3566,torvalds/linux,f49cd2f4d6170d27a2c61f1fecb03d8a70c91f57,net/dccp/ipv6.c,dccp_v6_connect,Race Condition,,,CWE-362,net/ipv6/tcp_ipv6.c,tcp_v6_connect
CVE-2022-3566,torvalds/linux,f49cd2f4d6170d27a2c61f1fecb03d8a70c91f57,net/dccp/proto.c,dccp_setsockopt,Race Condition,,,CWE-362,net/ipv4/tcp.c,tcp_setsockopt
CVE-2022-3566,torvalds/linux,f49cd2f4d6170d27a2c61f1fecb03d8a70c91f57,net/dccp/proto.c,dccp_getsockopt,Race Condition,,,CWE-362,net/ipv4/tcp.c,tcp_getsockopt
CVE-2022-3566,torvalds/linux,f49cd2f4d6170d27a2c61f1fecb03d8a70c91f57,drivers/net/ethernet/chelsio/inline_crypto/chtls/chtls_main.c,chtls_getsockopt,Race Condition,,,CWE-362,net/ipv4/tcp.c,tcp_getsockopt
CVE-2022-3566,torvalds/linux,f49cd2f4d6170d27a2c61f1fecb03d8a70c91f57,net/tls/tls_main.c,tls_setsockopt,Race Condition,,,CWE-362,net/ipv4/tcp.c,tcp_setsockopt
CVE-2022-3566,torvalds/linux,f49cd2f4d6170d27a2c61f1fecb03d8a70c91f57,net/sctp/socket.c,sctp_getsockopt,Race Condition,,,CWE-362,net/ipv4/tcp.c,tcp_getsockopt
CVE-2022-3566,torvalds/linux,f49cd2f4d6170d27a2c61f1fecb03d8a70c91f57,drivers/net/ethernet/chelsio/inline_crypto/chtls/chtls_main.c,chtls_setsockopt,Race Condition,,,CWE-362,net/ipv4/tcp.c,tcp_setsockopt
CVE-2022-3567,torvalds/linux,364f997b5cfe1db0d63a390fe7c801fa2b3115f6,net/ipv4/af_inet.c,__inet_stream_connect,Race Condition,,,CWE-362,net/ipv4/af_inet.c,inet_dgram_connect
CVE-2022-3567,torvalds/linux,364f997b5cfe1db0d63a390fe7c801fa2b3115f6,net/phonet/socket.c,pn_socket_bind,Race Condition,,,CWE-362,net/core/sock.c,sock_common_getsockopt
CVE-2022-3567,torvalds/linux,364f997b5cfe1db0d63a390fe7c801fa2b3115f6,net/ieee802154/socket.c,ieee802154_sock_sendmsg,Race Condition,,,CWE-362,net/core/sock.c,sock_common_getsockopt
CVE-2022-3567,torvalds/linux,364f997b5cfe1db0d63a390fe7c801fa2b3115f6,net/ieee802154/socket.c,ieee802154_sock_bind,Race Condition,,,CWE-362,net/core/sock.c,sock_common_getsockopt
CVE-2022-3567,torvalds/linux,364f997b5cfe1db0d63a390fe7c801fa2b3115f6,net/phonet/socket.c,pn_socket_sendmsg,Race Condition,,,CWE-362,net/core/sock.c,sock_common_getsockopt
CVE-2022-3567,torvalds/linux,364f997b5cfe1db0d63a390fe7c801fa2b3115f6,net/ipv4/af_inet.c,inet_bind_sk,Race Condition,,,CWE-362,net/ipv4/af_inet.c,inet_sendpage
CVE-2022-3567,torvalds/linux,364f997b5cfe1db0d63a390fe7c801fa2b3115f6,net/core/sock.c,sock_common_recvmsg,Race Condition,,,CWE-362,net/ipv4/af_inet.c,inet_accept
CVE-2022-3567,torvalds/linux,364f997b5cfe1db0d63a390fe7c801fa2b3115f6,net/ipv4/af_inet.c,inet_recvmsg,Race Condition,,,CWE-362,net/ipv4/af_inet.c,inet_accept
CVE-2022-3623,torvalds/linux,fac35ba763ed07ba93154c95ffc0c4a55023707f,mm/gup.c,follow_page_pte,Race Condition,,,CWE-362,mm/gup.c,follow_page_pte
CVE-2022-3629,torvalds/linux,7e97cfed9929eaabc41829c395eb0d1350fccb9d,net/vmw_vsock/hyperv_transport.c,hvs_close_lock_held,Memory Leak,FP,,CWE-401,net/vmw_vsock/af_vsock.c,vsock_connect
CVE-2022-3629,torvalds/linux,7e97cfed9929eaabc41829c395eb0d1350fccb9d,net/vmw_vsock/virtio_transport_common.c,virtio_transport_close,Memory Leak,FP,,CWE-401,net/vmw_vsock/af_vsock.c,vsock_connect
CVE-2022-3629,torvalds/linux,7e97cfed9929eaabc41829c395eb0d1350fccb9d,net/vmw_vsock/vmci_transport.c,vmci_transport_recv_listen,Memory Leak,FP,,CWE-401,net/vmw_vsock/af_vsock.c,vsock_connect
CVE-2022-3649,torvalds/linux,d325dc6eb763c10f591c239550b8c7e5466a5d09,fs/nilfs2/inode.c,nilfs_new_inode,Use After Free,TP,,CWE-119,fs/nilfs2/inode.c,nilfs_new_inode
CVE-2022-40982,torvalds/linux,8974eb588283b7d44a7c91fa09fcbaf380339f3a,arch/x86/kernel/cpu/bugs.c,mmio_stale_data_show_state,Information Exposure,TP,,CWE-203,arch/x86/kernel/cpu/bugs.c,gds_show_state
CVE-2022-4129,torvalds/linux,b68777d54fac21fc833ec26ea1a2a84f975ab035,net/l2tp/l2tp_ppp.c,pppol2tp_setsockopt,Race Condition,,,CWE-667,net/l2tp/l2tp_core.c,l2tp_tunnel_destruct
CVE-2022-4129,torvalds/linux,b68777d54fac21fc833ec26ea1a2a84f975ab035,net/l2tp/l2tp_ppp.c,pppol2tp_getsockopt,Race Condition,,,CWE-667,net/l2tp/l2tp_core.c,l2tp_tunnel_destruct
CVE-2022-4129,torvalds/linux,b68777d54fac21fc833ec26ea1a2a84f975ab035,net/sunrpc/xprtsock.c,xs_reset_transport,Race Condition,,,CWE-667,net/l2tp/l2tp_core.c,l2tp_tunnel_destruct
CVE-2022-42895,torvalds/linux,b1a2cd50c0357f243b7435a732b4e62ba3157a2e,net/bluetooth/l2cap_core.c,l2cap_parse_conf_rsp,Uninitialized Use,TP,,CWE-824,net/bluetooth/l2cap_core.c,l2cap_parse_conf_req
CVE-2022-47942,torvalds/linux,8f0541186e9ad1b62accc9519cc2b7a7240272a7,fs/smb/client/cifsacl.c,set_chmod_dacl,Buffer Overflow,TP,,CWE-787,fs/ksmbd/smbacl.c,smb_inherit_dacl
CVE-2022-47942,torvalds/linux,8f0541186e9ad1b62accc9519cc2b7a7240272a7,fs/smb/server/smbacl.c,set_posix_acl_entries_dacl,Buffer Overflow,TP,,CWE-787,fs/ksmbd/smbacl.c,smb_check_perm_dacl
CVE-2022-47942,torvalds/linux,8f0541186e9ad1b62accc9519cc2b7a7240272a7,fs/smb/client/cifsacl.c,copy_sec_desc,Buffer Overflow,TP,,CWE-787,fs/ksmbd/smbacl.c,smb_check_perm_dacl
CVE-2022-47942,torvalds/linux,8f0541186e9ad1b62accc9519cc2b7a7240272a7,fs/smb/client/cifsacl.c,replace_sids_and_copy_aces,Buffer Overflow,TP,,CWE-787,fs/ksmbd/smbacl.c,set_ntacl_dacl
CVE-2022-47942,torvalds/linux,8f0541186e9ad1b62accc9519cc2b7a7240272a7,fs/smb/client/cifsacl.c,build_sec_desc,Buffer Overflow,TP,,CWE-787,fs/ksmbd/smbacl.c,build_sec_desc
CVE-2022-47942,torvalds/linux,8f0541186e9ad1b62accc9519cc2b7a7240272a7,drivers/bluetooth/btmtk.c,btmtk_setup_firmware_79xx,Buffer Overflow,TP,,CWE-787,fs/ksmbd/smbacl.c,set_ntacl_dacl
CVE-2022-47943,torvalds/linux,ac60778b87e45576d7bfdbd6f53df902654e6f09,fs/smb/server/smb2pdu.c,smb2_write_pipe,Out-of-bounds Read,TP,,CWE-125,fs/ksmbd/smb2pdu.c,smb2_write
CVE-2022-47943,torvalds/linux,ac60778b87e45576d7bfdbd6f53df902654e6f09,fs/smb/client/cifssmb.c,CIFSSMBRead,Out-of-bounds Read,TP,,CWE-125,fs/ksmbd/smb2misc.c,smb2_get_data_area_len
CVE-2022-48628,torvalds/linux,e3dfcab2080dc1f9a4b09cc1327361bc2845bfcd,fs/ceph/mds_client.c,handle_reply,Use After Free,FP,有缓解措施，很难触发,CWE-416,fs/ceph/caps.c,ceph_handle_caps
CVE-2023-0386,torvalds/linux,4f11ada10d0ad3fd53e2bd67806351de63a4f9c3,fs/overlayfs/dir.c,ovl_clear_empty,Privilege Escalation,FP,,CWE-282,fs/overlayfs/copy_up.c,ovl_copy_up_one
CVE-2023-1206,torvalds/linux,d11b0df7ddf1831f3e170972f43186dad520bfcc,include/net/ipv6.h,ip6_make_flowlabel,Resource Exhaustion,FP,,CWE-400,include/net/ipv6.h,ip6_make_flowlabel
CVE-2023-1252,torvalds/linux,9a254403760041528bc8f69fe2f5e1ef86950991,drivers/target/target_core_file.c,fd_execute_rw_aio,Use After Free,TP,竞态,CWE-416,fs/overlayfs/file.c,ovl_read_iter
CVE-2023-2019,torvalds/linux,180a6a3ee60a7cb69ed1232388460644f6a21f00,drivers/net/netdevsim/fib.c,nsim_fib_event_work,Resource Leak,FP,,CWE-911,drivers/net/netdevsim/fib.c,nsim_fib_flush_work
CVE-2023-2019,torvalds/linux,180a6a3ee60a7cb69ed1232388460644f6a21f00,drivers/net/ethernet/mellanox/mlxsw/spectrum_router.c,mlxsw_sp_router_fib_event,Resource Leak,TP,竞态,CWE-911,drivers/net/netdevsim/fib.c,nsim_fib_event_schedule_work
CVE-2023-20593,torvalds/linux,522b1d69219d8f083173819fde04f994aa051a98,arch/x86/kernel/cpu/amd.c,init_spectral_chicken,Information Exposure,TP,取决于amd的实现方式,CWE-209,arch/x86/kernel/cpu/amd.c,amd_check_microcode
CVE-2023-23002,torvalds/linux,6845667146a28c09b5dfc401c1ad112374087944,drivers/net/wireless/microchip/wilc1000/spi.c,wilc_parse_gpios,Null Pointer Dereference,TP,,CWE-476,drivers/bluetooth/hci_qca.c,qca_serdev_probe
CVE-2023-2513,torvalds/linux,67d7d8ad99beccd9fe92d585b87f1760dc9018e3,fs/ext4/xattr.c,ext4_expand_extra_isize_ea,Buffer Overflow,FP,,CWE-416,fs/ext4/xattr.c,ext4_xattr_ibody_set
CVE-2023-3106,torvalds/linux,1ba5bf993c6a3142e18e68ea6452b347f9cb5635,net/xfrm/xfrm_user.c,xfrm_dump_policy_done,Null Pointer Dereference,FP,,CWE-476,net/xfrm/xfrm_user.c,xfrm_dump_sa_done
CVE-2023-31248,torvalds/linux,515ad530795c118f012539ed76d02bacfd426d89,net/netfilter/nf_tables_api.c,nft_rule_lookup_byid,Use After Free,TP,,CWE-416,net/netfilter/nf_tables_api.c,nft_chain_lookup_byid
CVE-2023-32233,torvalds/linux,c1592a89942e9678f7d9c8030efa777c0d57edab,net/netfilter/nf_tables_api.c,nf_tables_deactivate_flowtable,Use After Free,FP,,CWE-416,net/netfilter/nf_tables_api.c,nf_tables_deactivate_set
CVE-2023-45863,torvalds/linux,3bb2a01caa813d3a1845d378bbe4169ef280d394,fs/configfs/symlink.c,fill_item_path,Race Condition,,,CWE-787,lib/kobject.c,fill_kobj_path
CVE-2023-45863,torvalds/linux,3bb2a01caa813d3a1845d378bbe4169ef280d394,fs/kernfs/symlink.c,kernfs_get_target_path,Race Condition,,,CWE-787,lib/kobject.c,fill_kobj_path
CVE-2023-4732,torvalds/linux,8f34f1eac3820fc2722e5159acceb22545b30b0d,mm/huge_memory.c,copy_huge_pmd,Logic Error,,,CWE-362,mm/huge_memory.c,copy_huge_pmd
CVE-2023-52448,torvalds/linux,8877243beafa7c6bfc42022cbfdf9e39b25bd4fa,fs/gfs2/rgrp.c,gfs2_rgrp_go_instantiate,Null Pointer Dereference,TP,竞态,CWE-476,fs/gfs2/rgrp.c,gfs2_rgrp_dump
CVE-2023-52467,torvalds/linux,41673c66b3d0c09915698fec5c13b24336f18dd1,drivers/soc/ti/pruss.c,pruss_cfg_of_init,Null Pointer Dereference,FP,,CWE-476,drivers/mfd/syscon.c,of_syscon_register
CVE-2023-52467,torvalds/linux,41673c66b3d0c09915698fec5c13b24336f18dd1,drivers/clk/versatile/clk-icst.c,of_syscon_icst_setup,Null Pointer Dereference,FP,,CWE-476,drivers/mfd/syscon.c,of_syscon_register
CVE-2023-52498,torvalds/linux,7839d0078e0d5e6cc2fa0b0dfbee71de74f1e557,drivers/base/power/main.c,device_suspend,Deadlock,,,CWE-667,drivers/base/power/main.c,__device_resume
CVE-2023-52498,torvalds/linux,7839d0078e0d5e6cc2fa0b0dfbee71de74f1e557,drivers/base/power/main.c,dpm_noirq_resume_devices,Deadlock,,,CWE-667,drivers/base/power/main.c,dpm_noirq_resume_devices
CVE-2023-52498,torvalds/linux,7839d0078e0d5e6cc2fa0b0dfbee71de74f1e557,drivers/base/power/main.c,dpm_resume_early,Deadlock,,,CWE-667,drivers/base/power/main.c,dpm_resume_early
CVE-2023-52513,torvalds/linux,53a3f777049771496f791504e7dc8ef017cba590,drivers/infiniband/sw/siw/siw_cm.c,siw_cm_llp_state_change,Null Pointer Dereference,FP,,CWE-476,drivers/infiniband/sw/siw/siw_cm.c,siw_cm_llp_data_ready
CVE-2023-52513,torvalds/linux,53a3f777049771496f791504e7dc8ef017cba590,drivers/infiniband/hw/erdma/erdma_cm.c,erdma_cm_llp_data_ready,Null Pointer Dereference,FP,,CWE-476,drivers/infiniband/sw/siw/siw_cm.c,siw_cm_llp_data_ready
CVE-2023-52513,torvalds/linux,53a3f777049771496f791504e7dc8ef017cba590,drivers/infiniband/hw/erdma/erdma_cm.c,erdma_cm_llp_state_change,Null Pointer Dereference,FP,,CWE-476,drivers/infiniband/sw/siw/siw_cm.c,siw_cm_llp_data_ready
CVE-2023-52517,torvalds/linux,1f11f4202caf5710204d334fe63392052783876d,drivers/spi/spi-uniphier.c,uniphier_spi_transfer_one_dma,Race Condition,,,CWE-362,drivers/spi/spi-sun6i.c,sun6i_spi_prepare_dma
CVE-2023-52517,torvalds/linux,1f11f4202caf5710204d334fe63392052783876d,drivers/spi/spi-davinci.c,davinci_spi_bufs,Race Condition,,,CWE-362,drivers/spi/spi-sun6i.c,sun6i_spi_prepare_dma
CVE-2023-52517,torvalds/linux,1f11f4202caf5710204d334fe63392052783876d,drivers/spi/spi-sun4i.c,sun4i_spi_handler,Race Condition,,,CWE-362,drivers/spi/spi-sun6i.c,sun6i_spi_handler
CVE-2023-52530,torvalds/linux,31db78a4923ef5e2008f2eed321811ca79e7f71b,net/mac80211/key.c,ieee80211_gtk_rekey_add,Use After Free,FP,已修复,CWE-416,net/mac80211/cfg.c,ieee80211_add_key
CVE-2023-52578,torvalds/linux,44bdb313da57322c9b3c108eb66981c6ec6509f4,net/hsr/hsr_forward.c,hsr_deliver_master,Race Condition,,,CWE-362,net/bridge/br_input.c,br_handle_frame_finish
CVE-2023-52578,torvalds/linux,44bdb313da57322c9b3c108eb66981c6ec6509f4,drivers/net/ethernet/xircom/xirc2ps_cs.c,xirc2ps_interrupt,Race Condition,,,CWE-362,net/bridge/br_input.c,br_handle_frame_finish
CVE-2023-52586,torvalds/linux,45284ff733e4caf6c118aae5131eb7e7cf3eea5a,drivers/gpu/drm/msm/disp/dpu1/dpu_encoder_phys_wb.c,dpu_encoder_phys_wb_irq_enable,Race Condition,,,CWE-362,drivers/gpu/drm/msm/disp/dpu1/dpu_encoder_phys_vid.c,dpu_encoder_phys_vid_control_vblank_irq
CVE-2023-52588,torvalds/linux,4961acdd65c956e97c1a000c82d91a8c1cdbe44b,fs/f2fs/data.c,f2fs_migrate_blocks,Logic Error,,,CWE-664,fs/f2fs/file.c,redirty_blocks
CVE-2023-52588,torvalds/linux,4961acdd65c956e97c1a000c82d91a8c1cdbe44b,fs/f2fs/segment.c,write_compacted_summaries,Logic Error,,,CWE-664,fs/f2fs/file.c,redirty_blocks
CVE-2023-52588,torvalds/linux,4961acdd65c956e97c1a000c82d91a8c1cdbe44b,fs/f2fs/inline.c,f2fs_delete_inline_entry,Logic Error,,,CWE-664,fs/f2fs/file.c,redirty_blocks
CVE-2023-52588,torvalds/linux,4961acdd65c956e97c1a000c82d91a8c1cdbe44b,fs/f2fs/node.c,flush_inline_data,Logic Error,,,CWE-664,fs/f2fs/file.c,redirty_blocks
CVE-2023-52588,torvalds/linux,4961acdd65c956e97c1a000c82d91a8c1cdbe44b,fs/f2fs/compress.c,f2fs_write_raw_pages,Logic Error,,,CWE-664,fs/f2fs/compress.c,set_cluster_dirty
CVE-2023-52588,torvalds/linux,4961acdd65c956e97c1a000c82d91a8c1cdbe44b,fs/f2fs/compress.c,f2fs_put_rpages_wbc,Logic Error,,,CWE-664,fs/f2fs/compress.c,set_cluster_dirty
CVE-2023-52588,torvalds/linux,4961acdd65c956e97c1a000c82d91a8c1cdbe44b,fs/f2fs/inline.c,f2fs_recover_inline_data,Logic Error,,,CWE-664,fs/f2fs/file.c,__clone_blkaddrs
CVE-2023-52588,torvalds/linux,4961acdd65c956e97c1a000c82d91a8c1cdbe44b,fs/f2fs/node.c,f2fs_recover_inode_page,Logic Error,,,CWE-664,fs/f2fs/file.c,__clone_blkaddrs
CVE-2023-52596,torvalds/linux,315552310c7de92baea4e570967066569937a843,fs/proc/proc_sysctl.c,register_sysctl_mount_point,Out-of-bounds Read,FP,,CWE-787,fs/proc/proc_sysctl.c,register_sysctl_mount_point
CVE-2023-52617,torvalds/linux,df25461119d987b8c81d232cfe4411e91dcabe66,drivers/ptp/ptp_ocp.c,ptp_ocp_device_init,Use After Free,FP,,CWE-459,drivers/pci/switch/switchtec.c,stdev_create
CVE-2023-52617,torvalds/linux,df25461119d987b8c81d232cfe4411e91dcabe66,drivers/vdpa/solidrun/snet_main.c,snet_vdpa_probe_vf,Use After Free,FP,竞态,CWE-459,drivers/pci/switch/switchtec.c,stdev_create
CVE-2023-52617,torvalds/linux,df25461119d987b8c81d232cfe4411e91dcabe66,drivers/s390/net/ism_drv.c,ism_probe,Use After Free,FP,竞态,CWE-459,drivers/pci/switch/switchtec.c,stdev_create
CVE-2023-52624,torvalds/linux,e5ffd1263dd5b44929c676171802e7b6af483f21,drivers/gpu/drm/amd/display/dc/dc_dmub_srv.c,dc_wake_and_execute_dmub_cmd_list,Logic Error,,,CWE-77,drivers/gpu/drm/amd/display/dc/dc_dmub_srv.c,dc_wake_and_execute_gpint
CVE-2023-52624,torvalds/linux,e5ffd1263dd5b44929c676171802e7b6af483f21,drivers/gpu/drm/amd/display/dc/core/dc_stat.c,dc_stat_get_dmub_dataout,Logic Error,,,CWE-77,drivers/gpu/drm/amd/display/dc/dce/dmub_psr.c,dmub_psr_get_residency
CVE-2023-52624,torvalds/linux,e5ffd1263dd5b44929c676171802e7b6af483f21,drivers/gpu/drm/amd/display/amdgpu_dm/amdgpu_dm.c,dm_dmub_get_vbios_bounding_box,Logic Error,,,CWE-77,drivers/gpu/drm/amd/display/amdgpu_dm/amdgpu_dm_debugfs.c,dmub_trace_mask_set
CVE-2023-52632,torvalds/linux,2a9de42e8d3c82c6990d226198602be44f43f340,drivers/gpu/drm/amd/amdkfd/kfd_svm.c,svm_range_restore_work,Deadlock,,,CWE-667,drivers/gpu/drm/amd/amdkfd/kfd_svm.c,svm_range_deferred_list_work
CVE-2023-52632,torvalds/linux,2a9de42e8d3c82c6990d226198602be44f43f340,drivers/gpu/drm/amd/amdkfd/kfd_svm.c,svm_range_evict_svm_bo_worker,Deadlock,,,CWE-667,drivers/gpu/drm/amd/amdkfd/kfd_svm.c,svm_range_deferred_list_work
CVE-2023-52632,torvalds/linux,2a9de42e8d3c82c6990d226198602be44f43f340,drivers/gpu/drm/amd/amdgpu/amdgpu_amdkfd_gpuvm.c,amdgpu_amdkfd_restore_userptr_worker,Deadlock,,,CWE-667,drivers/gpu/drm/amd/amdkfd/kfd_svm.c,svm_range_deferred_list_work
CVE-2023-6040,torvalds/linux,f1082dd31fe461d482d69da2a8eccfeb7bf07ac2,net/netfilter/nf_tables_api.c,nf_tables_deltable,Out-of-bounds Read,FP,,CWE-125,net/netfilter/nf_tables_api.c,nf_tables_newtable
CVE-2023-6040,torvalds/linux,f1082dd31fe461d482d69da2a8eccfeb7bf07ac2,net/netfilter/nf_tables_api.c,nf_tables_newobj,Out-of-bounds Read,FP,,CWE-125,net/netfilter/nf_tables_api.c,nft_supported_family
CVE-2023-6040,torvalds/linux,f1082dd31fe461d482d69da2a8eccfeb7bf07ac2,net/netfilter/nf_tables_api.c,nf_tables_delrule,Out-of-bounds Read,FP,,CWE-125,net/netfilter/nf_tables_api.c,nft_supported_family
CVE-2023-6040,torvalds/linux,f1082dd31fe461d482d69da2a8eccfeb7bf07ac2,net/netfilter/nf_tables_api.c,nf_tables_delflowtable,Out-of-bounds Read,FP,,CWE-125,net/netfilter/nf_tables_api.c,nf_tables_newtable
CVE-2024-0582,torvalds/linux,c392cbecd8eca4c53f2bf508731257d9d0a21c2d,io_uring/io_uring.c,io_ring_ctx_free,Use After Free,FP,,CWE-416,io_uring/io_uring.c,io_ring_ctx_free
CVE-2024-26583,torvalds/linux,aec7961916f3f9e88766e2688992da6980f11b8d,drivers/usb/misc/usbtest.c,ctrl_complete,Use After Free,TP,竞态，需要恶意USB，很难触发,CWE-362,net/tls/tls_sw.c,tls_decrypt_done
CVE-2024-26598,torvalds/linux,ad362fe07fecf0aba839ff2cc59a3617bd42c33f,arch/arm64/kvm/vgic/vgic-its.c,vgic_its_trigger_msi,Use After Free,FP,竞态,CWE-416,arch/arm64/kvm/vgic/vgic-its.c,vgic_its_inject_cached_translation
CVE-2024-26607,torvalds/linux,08ac6f132dd77e40f786d8af51140c96c6d739c9,drivers/gpu/drm/bridge/sii902x.c,sii902x_init,Race Condition,,,CWE-476,drivers/gpu/drm/bridge/sii902x.c,sii902x_remove
CVE-2024-26614,torvalds/linux,198bc90e0e734e5f98c3d2833e8390cac3df61b2,drivers/net/xen-netfront.c,xennet_init_queue,Race Condition,,,CWE-667,net/core/request_sock.c,reqsk_queue_alloc
CVE-2024-26614,torvalds/linux,198bc90e0e734e5f98c3d2833e8390cac3df61b2,drivers/scsi/ibmvscsi/ibmvfc.c,ibmvfc_alloc_queue,Race Condition,,,CWE-667,net/core/request_sock.c,reqsk_queue_alloc
CVE-2024-26667,torvalds/linux,7f3d03c48b1eb6bc45ab20ca98b8b11be25f9f52,drivers/gpu/drm/msm/disp/dpu1/dpu_encoder_phys_vid.c,dpu_encoder_phys_vid_setup_timing_engine,Null Pointer Dereference,TP,,CWE-459,drivers/gpu/drm/msm/disp/dpu1/dpu_encoder.c,dpu_encoder_helper_phys_cleanup
CVE-2024-26667,torvalds/linux,7f3d03c48b1eb6bc45ab20ca98b8b11be25f9f52,drivers/gpu/drm/msm/disp/dpu1/dpu_encoder.c,dpu_encoder_helper_phys_setup_cwb,Null Pointer Dereference,TP,,CWE-459,drivers/gpu/drm/msm/disp/dpu1/dpu_encoder.c,dpu_encoder_helper_phys_cleanup
CVE-2024-26686,torvalds/linux,7601df8031fd67310af891897ef6cc0df4209305,kernel/sched/autogroup.c,autogroup_move_group,Deadlock,,,CWE-667,fs/proc/array.c,do_task_stat
CVE-2024-26707,torvalds/linux,37e8c97e539015637cb920d3e6f1e404f707a06e,drivers/net/wireless/ath/ath6kl/htc_pipe.c,htc_issue_packets,Logic Error,,,CWE-770,net/hsr/hsr_device.c,send_hsr_supervision_frame
CVE-2024-26718,torvalds/linux,0a9bab391e336489169b95cb0d4553d921302189,net/mac802154/rx.c,ieee802154_rx_irqsafe,Use After Free,FP,,CWE-787,drivers/md/dm-crypt.c,kcryptd_queue_crypt
CVE-2024-26718,torvalds/linux,0a9bab391e336489169b95cb0d4553d921302189,drivers/tty/ipwireless/hardware.c,ipwireless_setup_timer,Use After Free,TP,,CWE-787,drivers/md/dm-crypt.c,kcryptd_queue_crypt
CVE-2024-26718,torvalds/linux,0a9bab391e336489169b95cb0d4553d921302189,drivers/net/ethernet/micrel/ks8842.c,ks8842_irq,Use After Free,FP,,CWE-787,drivers/md/dm-crypt.c,kcryptd_queue_crypt
CVE-2024-26718,torvalds/linux,0a9bab391e336489169b95cb0d4553d921302189,drivers/gpu/drm/i915/gt/uc/intel_guc_submission.c,enable_submission,Use After Free,FP,,CWE-787,drivers/md/dm-verity-target.c,verity_end_io
CVE-2024-26731,torvalds/linux,4cd12c6065dfcdeba10f49949bffcf383b3952d8,net/core/skmsg.c,sk_psock_strp_data_ready,Null Pointer Dereference,FP,,CWE-476,net/core/skmsg.c,sk_psock_verdict_data_ready
CVE-2024-26733,torvalds/linux,a7d6027790acea24446ddd6632d394096c0f4667,net/xfrm/xfrm_interface_core.c,xfrmi_dev_init,Buffer Overflow,FP,有其他漏洞,CWE-787,net/ipv4/arp.c,arp_req_get
CVE-2020-15389,uclouvain/openjpeg,e8e258ab049240c2dd1f1051b4e773b21e2d3dc0,src/bin/jp2/opj_dump.c,main,Double Free,TP,,CWE-416,src/bin/jp2/opj_decompress.c,main
CVE-2020-15389,uclouvain/openjpeg,e8e258ab049240c2dd1f1051b4e773b21e2d3dc0,src/bin/jp2/opj_compress.c,main,Double Free,TP,,CWE-416,src/bin/jp2/opj_decompress.c,main
CVE-2021-29338,uclouvain/openjpeg,79c7d7af598b778c3cdcb455df23d50efc95eb3c,tests/ppm2rgb3.c,writeoutput,Integer Overflow,TP,,CWE-190,src/bin/jp2/opj_dump.c,main
CVE-2020-26418,wireshark/wireshark,f4374967bbf9c12746b8ec3cd54dddada9dd353e,epan/dissectors/packet-kafka.c,decompress_lz4,Resource Exhaustion,TP,,CWE-401,epan/dissectors/packet-kafka.c,decompress_lz4
CVE-2020-26418,wireshark/wireshark,f4374967bbf9c12746b8ec3cd54dddada9dd353e,epan/dissectors/packet-linx.c,dissect_linx,Resource Exhaustion,FP,,CWE-401,epan/dissectors/packet-kafka.c,dissect_kafka_message_old
CVE-2020-26575,wireshark/wireshark,3ff940652962c099b73ae3233322b8697b0d10ab,epan/dissectors/packet-fbzero.c,dissect_fb_zero_tag,Infinite Loop,FP,,CWE-835,epan/dissectors/packet-fbzero.c,dissect_fb_zero_tag
CVE-2021-22207,wireshark/wireshark,b7a0650e061b5418ab4a8f72c6e4b00317aff623,epan/dissectors/packet-synphasor.c,config_3_frame_fast,Resource Exhaustion,TP,,CWE-770,epan/dissectors/packet-mswsp.c,dissect_CPMSetBindings
CVE-2021-22207,wireshark/wireshark,b7a0650e061b5418ab4a8f72c6e4b00317aff623,epan/dissectors/packet-rdp_egfx.c,dissect_rdp_egfx_payload,Resource Exhaustion,TP,,CWE-770,epan/dissectors/packet-mswsp.c,dissect_CPMSetBindings
CVE-2021-39923,wireshark/wireshark,9104a3744e63b54b2cff3152aedeea340976355b,epan/dissectors/packet-vines.c,dissect_vines_rtp,Infinite Loop,FP,,CWE-834,epan/dissectors/packet-pnrp.c,dissect_pnrp
CVE-2021-39923,wireshark/wireshark,9104a3744e63b54b2cff3152aedeea340976355b,epan/dissectors/packet-http2.c,dissect_http2_settings,Infinite Loop,FP,,CWE-834,epan/dissectors/packet-pnrp.c,dissect_pnrp
CVE-2021-39928,wireshark/wireshark,0b473c01ab38e3b7debeeb4df82423fe53d0ff54,epan/dissectors/packet-ieee80211-radio.c,adjust_agg_tsf,Null Pointer Dereference,FP,,CWE-476,epan/dissectors/packet-ieee80211-radio.c,dissect_wlan_radio_phdr
CVE-2022-0581,wireshark/wireshark,9cd66b270c4b182d806d879850d510b5ee67ba37,epan/crypt/dot11decrypt.c,Dot11DecryptWepMng,Use After Free,FP,,CWE-416,epan/crypt/airpdcap.c,AirPDcapRsna4WHandshake
CVE-2024-24476,wireshark/wireshark,108217f4bb1afb8b25fc705c2722b3e328b1ad78,epan/dissectors/packet-ieee80211.c,add_manuf,Buffer Overflow,FP,,CWE-119,epan/addr_resolv.c,tvb_get_manuf_name_if_known
