vul_id,repo,fixed_commit_sha,patch_file_path,patch_func_name,target_file_path,target_func_name,reason,judgement
CVE-2018-8789,FreeRDP/FreeRDP,2ee663f39dc8dac3d9988e847db19b2d7e3ac8c6,winpr/libwinpr/sspi/NTLM/ntlm_message.c,ntlm_free_message_fields_buffer,winpr/libwinpr/sspi/NTLM/ntlm_message.c,ntlm_free_message_fields_buffer,函数名相同,FP
CVE-2016-10063,ImageMagick/ImageMagick,94936efda8aa63563211eda07a5ade92abb32f7a,coders/tiff.c,ReadTIFFImage,coders/tiff.c,ReadTIFFImage,函数名相同,FP
CVE-2016-7524,ImageMagick/ImageMagick,f8c318d462270b03e77f082e2a3a32867cacd3c6,coders/meta.c,parse8BIM,coders/meta.c,parse8BIMW,,
CVE-2016-9559,ImageMagick/ImageMagick,b61d35eaccc0a7ddeff8a1c3abfcd0a43ccf210b,MagickCore/property.c,SetImageProperty,MagickCore/property.c,SetImageProperty,函数名相同,FP
CVE-2019-15139,ImageMagick/ImageMagick,c78993d138bf480ab4652b5a48379d4ff75ba5f7,coders/xwd.c,RegisterXWDImage,coders/xwd.c,RegisterXWDImage,函数名相同,FP
CVE-2020-25663,ImageMagick/ImageMagick,a47e7a994766b92b10d4a87df8c1c890c8b170f3,MagickCore/channel.c,SetImageAlphaChannel,MagickCore/channel.c,SetImageAlphaChannel,,FP
CVE-2020-27829,ImageMagick/ImageMagick,6ee5059cd3ac8d82714a1ab1321399b88539abf0,coders/tiff.c,ReadTIFFImage,coders/tiff.c,ReadTIFFImage,,FP
CVE-2020-27829,ImageMagick/ImageMagick,6ee5059cd3ac8d82714a1ab1321399b88539abf0,coders/tiff.c,ReadTIFFImage,coders/tiff.c,ReadTIFFImage,函数名相同,FP
CVE-2021-20224,ImageMagick/ImageMagick6,553054c1cb1e4e05ec86237afef76a32cd7c464d,magick/quantum-export.c,ExportRGBQuantum,magick/quantum-export.c,ExportBGRQuantum,,
CVE-2021-20224,ImageMagick/ImageMagick6,553054c1cb1e4e05ec86237afef76a32cd7c464d,magick/quantum-export.c,ExportRGBQuantum,magick/quantum-export.c,ExportBGRQuantum,找错vul function,FP
CVE-2021-3574,ImageMagick/ImageMagick6,cd7f9fb7751b0d59d5a74b12d971155caad5a792,coders/tiff.c,ReadTIFFImage,coders/tiff.c,ReadTIFFImage,,FP
CVE-2021-3574,ImageMagick/ImageMagick6,cd7f9fb7751b0d59d5a74b12d971155caad5a792,coders/tiff.c,ReadTIFFImage,coders/tiff.c,ReadTIFFImage,函数名相同,FP
OSV-2021-771,LibreDWG/libredwg,8bd75b4e2dfcb229e5121c3e45e5d284bf0d0477,src/free.c,dwg_free_object,src/free.c,free_preR13_object,,
OSV-2022-1180,LibreDWG/libredwg,756d716867a4e862faa07ae395254b048b1322dc,src/out_json.c,dwg_json_variable_type,src/print.c,dwg_print_variable_type,,
OSV-2023-1051,LibreDWG/libredwg,5b4c2fce7262b2bec00fa679e472559ab268d0c7,src/decode.c,dwg_decode_unknown_rest,src/decode.c,dwg_decode_unknown_bits,,TP
OSV-2023-758,LibreDWG/libredwg,3a37ad736c87393c9f88396f03f0ba69a54fcf9b,src/bits.c,bit_TV_to_utf8,src/bits.c,bit_TV_to_utf8,,FP
OSV-2023-758,LibreDWG/libredwg,3a37ad736c87393c9f88396f03f0ba69a54fcf9b,src/bits.c,bit_TV_to_utf8,src/bits.c,bit_TV_to_utf8,函数名相同,FP
CVE-2020-11993,apache/httpd,971fc8f5b5d664ddeb5d22f8adef2137c7980fc7,modules/http2/h2_util.c,h2_req_add_header,modules/http2/h2_proxy_util.c,h2_headers_add_h1,,TP
CVE-2021-26691,apache/httpd,7e09dd714fc62c08c5b0319ed7b9702594faf49b,modules/session/mod_session.c,session_identity_encode,modules/session/mod_session.c,session_identity_encode,,FP
CVE-2021-33193,apache/httpd,ecebcc035ccd8d0e2984fe41420d9e944f456b3c,server/vhost.c,check_serverpath,server/vhost.c,check_serverpath,,FP
CVE-2024-2004,curl/curl,17d302e56221f5040092db77d4f85086e8a20e0e,lib/setopt.c,protocol2num,lib/setopt.c,protocol2num,,FP
CVE-2021-4209,gnutls/gnutls,3db352734472d851318944db13be73da61300568,lib/nettle/mac.c,wrap_nettle_hash_fast,lib/accelerated/x86/sha-x86-ssse3.c,wrap_x86_hash_fast,,TP
CVE-2021-4209,gnutls/gnutls,3db352734472d851318944db13be73da61300568,lib/nettle/mac.c,wrap_nettle_hash_fast,lib/accelerated/aarch64/sha-aarch64.c,wrap_aarch64_hash_fast,,TP
CVE-2018-13006,gpac/gpac,bceb03fd2be95097a7b409ea59914f332fb6bc86,src/isomedia/box_dump.c,oinf_entry_dump,src/isomedia/box_dump.c,oinf_entry_dump,函数名相同,FP
CVE-2018-13006,gpac/gpac,bceb03fd2be95097a7b409ea59914f332fb6bc86,src/isomedia/box_dump.c,nalm_dump,src/isomedia/box_dump.c,nalm_dump,函数名相同,FP
CVE-2021-32139,gpac/gpac,d527325a9b72218612455a534a508f9e1753f76e,src/isomedia/box_code_3gpp.c,text_box_write,src/isomedia/box_code_3gpp.c,text_box_write,,FP
CVE-2021-32139,gpac/gpac,d527325a9b72218612455a534a508f9e1753f76e,src/isomedia/box_code_3gpp.c,text_box_write,src/isomedia/box_code_3gpp.c,text_box_write,函数名相同,FP
CVE-2021-33361,gpac/gpac,a51f951b878c2b73c1d8e2f1518c7cdc5fb82c3f,src/isomedia/box_code_adobe.c,afra_box_read,src/isomedia/box_code_adobe.c,afra_box_read,,FP
CVE-2021-33361,gpac/gpac,a51f951b878c2b73c1d8e2f1518c7cdc5fb82c3f,src/isomedia/box_code_adobe.c,afra_box_read,src/isomedia/box_code_adobe.c,afra_box_read,函数名相同,FP
CVE-2021-40570,gpac/gpac,04dbf08bff4d61948bab80c3f9096ecc60c7f302,src/media_tools/av_parsers.c,gf_avc_read_sps_bs_internal,src/media_tools/av_parsers.c,gf_avc_read_sps_bs_internal,,FP
CVE-2021-40570,gpac/gpac,04dbf08bff4d61948bab80c3f9096ecc60c7f302,src/media_tools/av_parsers.c,gf_avc_read_sps_bs_internal,src/media_tools/av_parsers.c,gf_avc_read_sps_bs_internal,函数名相同,FP
CVE-2023-0760,gpac/gpac,ea7395f39f601a7750d48d606e9d10ea0b7beefe,src/isomedia/isom_read.c,gf_isom_get_track_switch_parameter,src/isomedia/isom_read.c,gf_isom_get_track_switch_parameter,,FP
CVE-2023-0760,gpac/gpac,ea7395f39f601a7750d48d606e9d10ea0b7beefe,src/isomedia/box_funcs.c,gf_isom_box_parse_ex,src/isomedia/box_funcs.c,gf_isom_box_parse_ex,,FP
CVE-2023-0760,gpac/gpac,ea7395f39f601a7750d48d606e9d10ea0b7beefe,src/isomedia/box_code_base.c,dac3_box_write,src/isomedia/box_code_base.c,dac3_box_write,,FP
CVE-2023-0760,gpac/gpac,ea7395f39f601a7750d48d606e9d10ea0b7beefe,src/isomedia/box_funcs.c,gf_isom_check_position,src/isomedia/box_funcs.c,gf_isom_check_position,,FP
CVE-2023-0760,gpac/gpac,ea7395f39f601a7750d48d606e9d10ea0b7beefe,src/isomedia/box_funcs.c,gf_isom_box_write,src/isomedia/box_funcs.c,gf_isom_box_write,,FP
CVE-2023-0760,gpac/gpac,ea7395f39f601a7750d48d606e9d10ea0b7beefe,src/isomedia/isom_read.c,gf_isom_get_sample_for_media_time,src/isomedia/isom_read.c,gf_isom_get_sample_for_media_time,,FP
CVE-2023-0760,gpac/gpac,ea7395f39f601a7750d48d606e9d10ea0b7beefe,src/isomedia/isom_read.c,gf_isom_get_sample_cenc_info_internal,src/isomedia/isom_read.c,gf_isom_get_sample_cenc_info_internal,,FP
CVE-2023-0760,gpac/gpac,ea7395f39f601a7750d48d606e9d10ea0b7beefe,src/isomedia/box_code_base.c,video_sample_entry_box_size,src/isomedia/box_code_base.c,video_sample_entry_box_size,,FP
CVE-2023-0760,gpac/gpac,ea7395f39f601a7750d48d606e9d10ea0b7beefe,src/isomedia/isom_read.c,gf_isom_get_track_switch_parameter,src/isomedia/isom_read.c,gf_isom_get_track_switch_parameter,函数名相同,FP
CVE-2023-0760,gpac/gpac,ea7395f39f601a7750d48d606e9d10ea0b7beefe,src/isomedia/box_funcs.c,gf_isom_box_parse_ex,src/isomedia/box_funcs.c,gf_isom_box_parse_ex,函数名相同,FP
CVE-2023-0760,gpac/gpac,ea7395f39f601a7750d48d606e9d10ea0b7beefe,src/isomedia/box_code_base.c,dac3_box_write,src/isomedia/box_code_base.c,dac3_box_write,函数名相同,FP
CVE-2023-0760,gpac/gpac,ea7395f39f601a7750d48d606e9d10ea0b7beefe,src/isomedia/box_funcs.c,gf_isom_check_position,src/isomedia/box_funcs.c,gf_isom_check_position,函数名相同,FP
CVE-2023-0760,gpac/gpac,ea7395f39f601a7750d48d606e9d10ea0b7beefe,src/isomedia/box_funcs.c,gf_isom_box_write,src/isomedia/box_funcs.c,gf_isom_box_write,函数名相同,FP
CVE-2023-0760,gpac/gpac,ea7395f39f601a7750d48d606e9d10ea0b7beefe,src/isomedia/isom_read.c,gf_isom_get_sample_for_media_time,src/isomedia/isom_read.c,gf_isom_get_sample_for_media_time,函数名相同,FP
CVE-2023-0760,gpac/gpac,ea7395f39f601a7750d48d606e9d10ea0b7beefe,src/isomedia/isom_read.c,gf_isom_get_sample_cenc_info_internal,src/isomedia/isom_read.c,gf_isom_get_sample_cenc_info_internal,函数名相同,FP
CVE-2023-0760,gpac/gpac,ea7395f39f601a7750d48d606e9d10ea0b7beefe,src/isomedia/box_code_base.c,video_sample_entry_box_size,src/isomedia/box_code_base.c,video_sample_entry_box_size,函数名相同,FP
CVE-2023-0866,gpac/gpac,b964fe4226f1424cf676d5822ef898b6b01f5937,src/filters/reframe_adts.c,adts_dmx_check_dur,src/filters/reframe_ac3.c,ac3dmx_check_dur,,
CVE-2023-0866,gpac/gpac,b964fe4226f1424cf676d5822ef898b6b01f5937,src/filters/reframe_adts.c,adts_dmx_check_dur,src/filters/reframe_latm.c,latm_dmx_check_dur,,
CVE-2023-0866,gpac/gpac,b964fe4226f1424cf676d5822ef898b6b01f5937,src/filters/reframe_adts.c,adts_dmx_check_dur,src/filters/reframe_adts.c,adts_dmx_check_dur,,FP
CVE-2023-0866,gpac/gpac,b964fe4226f1424cf676d5822ef898b6b01f5937,src/filters/reframe_adts.c,adts_dmx_check_dur,src/filters/reframe_ac3.c,ac3dmx_check_dur,找错vul function,FP
CVE-2023-0866,gpac/gpac,b964fe4226f1424cf676d5822ef898b6b01f5937,src/filters/reframe_adts.c,adts_dmx_check_dur,src/filters/reframe_latm.c,latm_dmx_check_dur,找错vul function,FP
CVE-2023-0866,gpac/gpac,b964fe4226f1424cf676d5822ef898b6b01f5937,src/filters/reframe_adts.c,adts_dmx_check_dur,src/filters/reframe_adts.c,adts_dmx_check_dur,函数名相同,FP
CVE-2023-46927,gpac/gpac,a7b467b151d9b54badbc4dd71e7a366b7c391817,src/isomedia/isom_write.c,gf_isom_new_track_from_template,src/isomedia/isom_write.c,gf_isom_new_track_from_template,,FP
CVE-2023-46927,gpac/gpac,a7b467b151d9b54badbc4dd71e7a366b7c391817,src/isomedia/isom_write.c,gf_isom_set_root_iod,src/isomedia/isom_write.c,gf_isom_set_root_iod,,FP
CVE-2023-46927,gpac/gpac,a7b467b151d9b54badbc4dd71e7a366b7c391817,src/isomedia/isom_write.c,get_sgdp,src/isomedia/isom_write.c,get_sgdp,,FP
CVE-2023-46927,gpac/gpac,a7b467b151d9b54badbc4dd71e7a366b7c391817,src/isomedia/isom_write.c,gf_isom_update_sample_description_from_template,src/isomedia/isom_write.c,gf_isom_update_sample_description_from_template,,FP
CVE-2023-46927,gpac/gpac,a7b467b151d9b54badbc4dd71e7a366b7c391817,src/isomedia/isom_write.c,gf_isom_new_track_from_template,src/isomedia/isom_write.c,gf_isom_new_track_from_template,函数名相同,FP
CVE-2023-46927,gpac/gpac,a7b467b151d9b54badbc4dd71e7a366b7c391817,src/isomedia/isom_write.c,gf_isom_apple_set_tag,src/isomedia/isom_write.c,gf_isom_apple_set_tag_ex,找错vul function,FP
CVE-2023-46927,gpac/gpac,a7b467b151d9b54badbc4dd71e7a366b7c391817,src/isomedia/isom_write.c,gf_isom_set_root_iod,src/isomedia/isom_write.c,gf_isom_set_root_iod,函数名相同,FP
CVE-2023-46927,gpac/gpac,a7b467b151d9b54badbc4dd71e7a366b7c391817,src/isomedia/isom_write.c,get_sgdp,src/isomedia/isom_write.c,get_sgdp,函数名相同,FP
CVE-2023-46927,gpac/gpac,a7b467b151d9b54badbc4dd71e7a366b7c391817,src/isomedia/isom_write.c,gf_isom_update_sample_description_from_template,src/isomedia/isom_write.c,gf_isom_update_sample_description_from_template,函数名相同,FP
CVE-2023-46928,gpac/gpac,0753bf6d867343a80a044bf47a27d0b7accc8bf1,src/media_tools/isom_tools.c,gf_media_make_isma,src/media_tools/isom_tools.c,gf_media_make_isma,,FP
CVE-2023-46928,gpac/gpac,0753bf6d867343a80a044bf47a27d0b7accc8bf1,src/media_tools/isom_tools.c,gf_media_make_isma,src/media_tools/isom_tools.c,gf_media_make_isma,函数名相同,FP
CVE-2024-24267,gpac/gpac,d28d9ba45cf4f628a7b2c351849a895e6fcf2234,src/utils/os_file.c,gf_fileio_from_blob,src/utils/os_file.c,gf_fileio_from_blob,,FP
CVE-2024-24267,gpac/gpac,d28d9ba45cf4f628a7b2c351849a895e6fcf2234,src/utils/os_file.c,gf_fileio_from_blob,src/utils/os_file.c,gf_fileio_from_blob,函数名相同,FP
OSV-2024-135,gpac/gpac,4d7891cd8070a37010f4ff07574e89f189ed3d57,src/isomedia/meta.c,gf_isom_extract_meta_item_get_cenc_info,src/isomedia/meta.c,gf_isom_extract_meta_item_get_cenc_info,,FP
OSV-2024-135,gpac/gpac,4d7891cd8070a37010f4ff07574e89f189ed3d57,src/isomedia/meta.c,gf_isom_add_meta_item_extended,src/isomedia/meta.c,gf_isom_add_meta_item_extended,,FP
OSV-2024-135,gpac/gpac,4d7891cd8070a37010f4ff07574e89f189ed3d57,src/isomedia/meta.c,gf_isom_extract_meta_item_get_cenc_info,src/isomedia/meta.c,gf_isom_extract_meta_item_get_cenc_info,函数名相同,FP
OSV-2024-135,gpac/gpac,4d7891cd8070a37010f4ff07574e89f189ed3d57,src/isomedia/meta.c,gf_isom_add_meta_item_extended,src/isomedia/meta.c,gf_isom_add_meta_item_extended,函数名相同,FP
OSV-2024-951,gpac/gpac,7ff782d744c6e8e996f5a702842437d4ff637f55,src/media_tools/av_parsers.c,hevc_ref_pic_lists_modification,src/media_tools/av_parsers.c,hevc_ref_pic_lists_modification,,FP
OSV-2024-951,gpac/gpac,7ff782d744c6e8e996f5a702842437d4ff637f55,src/media_tools/av_parsers.c,hevc_ref_pic_lists_modification,src/media_tools/av_parsers.c,hevc_ref_pic_lists_modification,函数名相同,FP
CVE-2017-14166,libarchive/libarchive,fa7438a0ff4033e4741c807394a9af6207940d71,libarchive/archive_read_support_format_xar.c,atol8,libarchive/archive_write_add_filter_b64encode.c,atol8,,
CVE-2017-14166,libarchive/libarchive,fa7438a0ff4033e4741c807394a9af6207940d71,libarchive/archive_read_support_format_xar.c,atol8,libarchive/archive_write_add_filter_uuencode.c,atol8,,
OSV-2018-160,libarchive/libarchive,b52dd6c9e4ef7cf95c2a6ae5ab7ccac7f6d462a1,libarchive/archive_read_support_format_rar5.c,init_unpack,libarchive/archive_read_support_format_rar5.c,init_unpack,函数名相同,FP
OSV-2020-372,libarchive/libarchive,39736c43bd7374beedb372aa300ecf36c9fc4733,libarchive/archive_read_support_format_rar5.c,read_ahead,libarchive/archive_read_support_format_rar5.c,read_ahead,,FP
OSV-2020-543,libarchive/libarchive,9950d89616d31fe2d83f5134d357560c423794ee,libarchive/archive_read_support_format_rar5.c,rar5_cleanup,libarchive/archive_read_support_format_rar5.c,rar5_cleanup,,FP
OSV-2020-543,libarchive/libarchive,9950d89616d31fe2d83f5134d357560c423794ee,libarchive/archive_read_support_format_rar5.c,rar5_cleanup,libarchive/archive_read_support_format_rar5.c,rar5_cleanup,函数名相同,FP
CVE-2022-0139,radareorg/radare2,37897226a1a31f982bfefdc4aeefc2e50355c73c,libr/io/io_bank.c,r_io_bank_map_add_top,libr/io/io_bank.c,r_io_bank_map_add_top,,FP
CVE-2022-0139,radareorg/radare2,37897226a1a31f982bfefdc4aeefc2e50355c73c,libr/io/io_bank.c,r_io_bank_map_add_top,libr/io/io_bank.c,r_io_bank_map_add_top,函数名相同,FP
CVE-2022-0522,radareorg/radare2,d17a7bdf166108a29a27cd89bf454f9fa6c050d6,libr/anal/p/anal_arm_cs.c,vector64_dst_append,libr/arch/p/arm/plugin_cs.c,vector64_dst_append,,
CVE-2022-0559,radareorg/radare2,b5cb90b28ec71fda3504da04e3cc94a362807f5e,libr/io/io_bank.c,r_io_bank_map_add_top,libr/io/io_bank.c,r_io_bank_map_add_top,,FP
CVE-2022-0559,radareorg/radare2,b5cb90b28ec71fda3504da04e3cc94a362807f5e,libr/io/io_bank.c,r_io_bank_map_add_top,libr/io/io_bank.c,r_io_bank_map_add_top,函数名相同,FP
CVE-2022-0712,radareorg/radare2,515e592b9bea0612bc63d8e93239ff35bcf645c7,libr/bin/p/bin_symbols.c,symbols,libr/bin/p/bin_symbols.c,symbols,,FP
CVE-2022-0712,radareorg/radare2,515e592b9bea0612bc63d8e93239ff35bcf645c7,libr/bin/p/bin_symbols.c,symbols,libr/bin/p/bin_symbols.c,symbols,函数名相同,FP
CVE-2022-1052,radareorg/radare2,0052500c1ed5bf8263b26b9fd7773dbdc6f170c4,libr/bin/format/mach0/mach0.c,reconstruct_chained_fixup,libr/bin/format/mach0/mach0.c,reconstruct_chained_fixup,,FP
CVE-2022-1052,radareorg/radare2,0052500c1ed5bf8263b26b9fd7773dbdc6f170c4,libr/bin/format/mach0/mach0.c,reconstruct_chained_fixup,libr/bin/format/mach0/mach0.c,reconstruct_chained_fixup,函数名相同,FP
CVE-2022-1237,radareorg/radare2,2d782cdaa2112c10b8dd5e7a93c134b2ada9c1a6,libr/bin/format/ne/ne.c,r_bin_ne_get_segments,libr/bin/format/ne/ne.c,r_bin_ne_get_segments,,FP
CVE-2022-1237,radareorg/radare2,2d782cdaa2112c10b8dd5e7a93c134b2ada9c1a6,libr/bin/format/ne/ne.c,r_bin_ne_get_segments,libr/bin/format/ne/ne.c,r_bin_ne_get_segments,函数名相同,FP
CVE-2023-4322,radareorg/radare2,ba919adb74ac368bf76b150a00347ded78b572dd,libr/core/cmd_anal.c,axfm,libr/core/cmd_anal.inc.c,axfm,,
CVE-2023-4322,radareorg/radare2,ba919adb74ac368bf76b150a00347ded78b572dd,libr/core/cmd_anal.c,axfm,libr/core/cmd_anal.inc.c,axtm,,
CVE-2023-4322,radareorg/radare2,ba919adb74ac368bf76b150a00347ded78b572dd,libr/core/cmd_anal.c,axfm,libr/core/cmd_anal.inc.c,axfm,找错vul function,FP
CVE-2023-4322,radareorg/radare2,ba919adb74ac368bf76b150a00347ded78b572dd,libr/core/cmd_anal.c,axfm,libr/core/cmd_anal.inc.c,axtm,找错vul function,FP
OSV-2020-533,radareorg/radare2,c10df533f658e068cfcadbf400c65b9dd579040a,libr/core/cmd.c,cmd_kuery,libr/core/cmd.c,cmd_kuery,,FP
OSV-2020-533,radareorg/radare2,c10df533f658e068cfcadbf400c65b9dd579040a,libr/core/cmd.c,cmd_kuery,libr/core/cmd.c,cmd_kuery,函数名相同,FP
CVE-2015-1339,torvalds/linux,2c5816b4beccc8ba709144539f6fdd764f8fa49c,fs/fuse/cuse.c,cuse_channel_release,fs/fuse/cuse.c,cuse_channel_release,函数名相同,FP
CVE-2015-3636,torvalds/linux,a134f083e79fb4c3d0a925691e732c56911b4326,net/ipv4/ping.c,ping_unhash,net/ipv4/ping.c,ping_unhash,函数名相同,FP
CVE-2015-7613,torvalds/linux,b9a532277938798b53178d5a66af6e2915cb27cf,ipc/msg.c,newque,ipc/msg.c,newque,函数名相同,FP
CVE-2015-7613,torvalds/linux,b9a532277938798b53178d5a66af6e2915cb27cf,ipc/shm.c,newseg,ipc/shm.c,newseg,函数名相同,FP
CVE-2015-8963,torvalds/linux,12ca6ad2e3a896256f086497a7c7406a547ee373,kernel/events/core.c,swevent_hlist_get_cpu,kernel/events/core.c,swevent_hlist_get_cpu,函数名相同,FP
CVE-2016-10088,torvalds/linux,128394eff343fc6d2f32172f03e24829539c5835,drivers/scsi/sg.c,sg_write,drivers/scsi/sg.c,sg_write,函数名相同,FP
CVE-2016-3140,torvalds/linux,5a07975ad0a36708c6b0a5b9fea1ff811d0b0c1f,drivers/usb/serial/digi_acceleport.c,digi_startup,drivers/usb/serial/digi_acceleport.c,digi_startup,函数名相同,FP
CVE-2016-4805,torvalds/linux,1f461dcdd296eecedaffffc6bae2bfa90bd7eb89,drivers/net/ppp/ppp_generic.c,ppp_unregister_channel,drivers/net/ppp/ppp_generic.c,ppp_unregister_channel,函数名相同,FP
CVE-2016-6213,torvalds/linux,d29216842a85c7970c536108e093963f02714498,fs/namespace.c,copy_mnt_ns,fs/namespace.c,copy_mnt_ns,函数名相同,FP
CVE-2016-7913,torvalds/linux,8dfbcc4351a0b6d2f2d77f367552f48ffefafe18,drivers/media/tuners/tuner-xc2028.c,xc2028_set_config,drivers/media/tuners/xc2028.c,xc2028_set_config,没有关键漏洞特征,FP
CVE-2016-8655,torvalds/linux,84ac7260236a49c79eede91617700174c2c19b0c,net/packet/af_packet.c,packet_set_ring,net/packet/af_packet.c,packet_set_ring,函数名相同,FP
CVE-2017-15121,torvalds/linux,5a7203947a1d9b6f3a00a39fda08c2466489555f,mm/truncate.c,truncate_pagecache_range,mm/truncate.c,truncate_pagecache_range,函数名相同,FP
CVE-2017-17975,torvalds/linux,50e7044535537b2a54c7ab798cd34c7f6d900bd2,drivers/media/usb/usbtv/usbtv-core.c,usbtv_probe,drivers/media/usb/usbtv/usbtv-core.c,usbtv_probe,函数名相同,FP
CVE-2017-18079,torvalds/linux,340d394a789518018f834ff70f7534fc463d3226,drivers/input/serio/i8042.c,i8042_stop,drivers/input/serio/i8042.c,i8042_stop,函数名相同,FP
CVE-2018-1000204,torvalds/linux,a45b599ad808c3c982fdcdc12b0b8611c2f92824,drivers/scsi/sg.c,sg_build_indirect,drivers/scsi/sg.c,sg_build_indirect,函数名相同,FP
CVE-2018-1118,torvalds/linux,670ae9caaca467ea1bfd325cb2a5c98ba87f94ad,drivers/vhost/vhost.c,vhost_new_msg,drivers/vhost/vhost.c,vhost_new_msg,函数名相同,FP
CVE-2018-18955,torvalds/linux,d2f007dbe7e4c9583eea6eb04d60001e85c6f1bd,kernel/user_namespace.c,map_write,kernel/user_namespace.c,map_write,函数名相同,FP
CVE-2018-5814,torvalds/linux,22076557b07c12086eeb16b8ce2b0b735f7a27e7,drivers/usb/usbip/stub_main.c,stub_device_rebind,drivers/usb/usbip/stub_main.c,stub_device_rebind,函数名相同,FP
CVE-2019-11811,torvalds/linux,401e7e88d4ef80188ffa07095ac00456f901b8c4,drivers/char/ipmi/ipmi_si_mem_io.c,ipmi_si_mem_setup,drivers/char/ipmi/ipmi_si_mem_io.c,ipmi_si_mem_setup,函数名相同,FP
CVE-2019-15030,torvalds/linux,8205d5d98ef7f155de211f5e2eb6ca03d95a5a60,arch/powerpc/kernel/process.c,giveup_all,arch/powerpc/kernel/process.c,save_all,,
CVE-2019-15291,torvalds/linux,1b976fc6d684e3282914cdbe7a8d68fdce19095c,drivers/media/usb/b2c2/flexcop-usb.c,flexcop_usb_probe,drivers/media/usb/b2c2/flexcop-usb.c,flexcop_usb_probe,函数名相同,FP
CVE-2019-17055,torvalds/linux,b91ee4aa2a2199ba4d4650706c272985a5a32d80,drivers/isdn/mISDN/socket.c,base_sock_create,drivers/isdn/mISDN/socket.c,data_sock_create,,
CVE-2019-18198,torvalds/linux,ca7a03c4175366a92cee0ccc4fec0038c3266e26,net/ipv6/fib6_rules.c,fib6_rule_suppress,net/ipv6/fib6_rules.c,fib6_rule_suppress,函数名相同,FP
CVE-2019-18786,torvalds/linux,d39083234c60519724c6ed59509a2129fd2aed41,drivers/media/platform/rcar_drif.c,rcar_drif_g_fmt_sdr_cap,drivers/media/platform/renesas/rcar_drif.c,rcar_drif_g_fmt_sdr_cap,函数名相同,FP
CVE-2019-19073,torvalds/linux,853acf7caf10b828102d92d05b5c101666a6142b,drivers/net/wireless/ath/ath9k/htc_hst.c,htc_config_pipe_credits,drivers/net/wireless/ath/ath9k/htc_hst.c,htc_config_pipe_credits,函数名相同,FP
CVE-2019-19073,torvalds/linux,853acf7caf10b828102d92d05b5c101666a6142b,drivers/net/wireless/ath/ath9k/htc_hst.c,htc_setup_complete,drivers/net/wireless/ath/ath9k/htc_hst.c,htc_setup_complete,函数名相同,FP
CVE-2019-19073,torvalds/linux,853acf7caf10b828102d92d05b5c101666a6142b,drivers/net/wireless/ath/ath9k/htc_hst.c,htc_connect_service,drivers/net/wireless/ath/ath9k/htc_hst.c,htc_connect_service,函数名相同,FP
CVE-2019-19074,torvalds/linux,728c1e2a05e4b5fc52fab3421dce772a806612a2,drivers/net/wireless/ath/ath9k/wmi.c,ath9k_wmi_cmd,drivers/net/wireless/ath/ath9k/wmi.c,ath9k_wmi_cmd,函数名相同,FP
CVE-2019-19076,torvalds/linux,78beef629fd95be4ed853b2d37b832f766bd96ca,drivers/net/ethernet/netronome/nfp/abm/cls.c,nfp_abm_u32_knode_replace,drivers/net/ethernet/netronome/nfp/abm/cls.c,nfp_abm_u32_knode_replace,函数名相同,FP
CVE-2019-19523,torvalds/linux,44efc269db7929f6275a1fa927ef082e533ecde0,drivers/usb/misc/adutux.c,adu_disconnect,drivers/usb/misc/adutux.c,adu_disconnect,函数名相同,FP
CVE-2019-19531,torvalds/linux,fc05481b2fcabaaeccf63e32ac1baab54e5b6963,drivers/usb/misc/yurex.c,yurex_delete,drivers/usb/misc/yurex.c,yurex_delete,函数名相同,FP
CVE-2019-19537,torvalds/linux,303911cfc5b95d33687d9046133ff184cf5043ff,drivers/usb/core/file.c,usb_deregister_dev,drivers/usb/core/file.c,usb_deregister_dev,函数名相同,FP
CVE-2019-3819,torvalds/linux,13054abbaa4f1fd4e6f3b4b63439ec033b4c8035,drivers/hid/hid-debug.c,hid_dump_input,drivers/hid/hid-debug.c,hid_dump_input,函数名相同,FP
CVE-2019-6133,torvalds/linux,7b55851367136b1efd84d98fea81ba57a98304cf,kernel/fork.c,copy_process,kernel/fork.c,copy_process,函数名相同,FP
CVE-2020-10711,torvalds/linux,eead1c2ea2509fd754c6da893a94f0e69e83ebe4,net/ipv4/cipso_ipv4.c,cipso_v4_parsetag_rng,net/ipv4/cipso_ipv4.c,cipso_v4_parsetag_enum,,
CVE-2020-11609,torvalds/linux,485b06aadb933190f4bc44e006076bc27a23f205,drivers/media/usb/gspca/stv06xx/stv06xx.c,stv06xx_isoc_nego,drivers/media/usb/gspca/stv06xx/stv06xx.c,stv06xx_isoc_nego,,FP
CVE-2020-11609,torvalds/linux,485b06aadb933190f4bc44e006076bc27a23f205,drivers/media/usb/gspca/stv06xx/stv06xx.c,stv06xx_isoc_nego,drivers/media/usb/gspca/stv06xx/stv06xx.c,stv06xx_isoc_nego,找错vul function,FP
CVE-2020-11668,torvalds/linux,a246b4d547708f33ff4d4b9a7a5dbac741dc89d8,drivers/media/usb/gspca/xirlink_cit.c,sd_isoc_nego,drivers/media/usb/gspca/xirlink_cit.c,sd_isoc_nego,,FP
CVE-2020-11668,torvalds/linux,a246b4d547708f33ff4d4b9a7a5dbac741dc89d8,drivers/media/usb/gspca/xirlink_cit.c,sd_isoc_nego,drivers/media/usb/gspca/xirlink_cit.c,sd_isoc_nego,函数名相同,FP
CVE-2020-27777,torvalds/linux,bd59380c5ba4147dcbaad3e582b55ccfd120b764,arch/powerpc/kernel/rtas.c,rtas_initialize,arch/powerpc/kernel/rtas.c,rtas_initialize,,FP
CVE-2020-27777,torvalds/linux,bd59380c5ba4147dcbaad3e582b55ccfd120b764,arch/powerpc/kernel/rtas.c,rtas_initialize,arch/powerpc/kernel/rtas.c,rtas_initialize,函数名相同,FP
CVE-2020-28941,torvalds/linux,d4122754442799187d5d537a9c039a49a67e57f1,drivers/accessibility/speakup/spk_ttyio.c,spk_ttyio_ldisc_open,drivers/accessibility/speakup/spk_ttyio.c,spk_ttyio_ldisc_open,,FP
CVE-2020-28941,torvalds/linux,d4122754442799187d5d537a9c039a49a67e57f1,drivers/accessibility/speakup/spk_ttyio.c,spk_ttyio_ldisc_open,drivers/accessibility/speakup/spk_ttyio.c,spk_ttyio_ldisc_open,函数名相同,FP
CVE-2020-29660,torvalds/linux,c8bcd9c5be24fb9e6132e97da5a35e55a83e36b9,drivers/tty/tty_jobctrl.c,__proc_set_tty,drivers/tty/tty_jobctrl.c,__proc_set_tty,,FP
CVE-2020-29660,torvalds/linux,c8bcd9c5be24fb9e6132e97da5a35e55a83e36b9,drivers/tty/tty_jobctrl.c,__proc_set_tty,drivers/tty/tty_jobctrl.c,__proc_set_tty,函数名相同,FP
CVE-2020-36778,torvalds/linux,a85c5c7a3aa8041777ff691400b4046e56149fd3,drivers/i2c/busses/i2c-xiic.c,xiic_i2c_remove,drivers/i2c/busses/i2c-xiic.c,xiic_i2c_remove,,FP
CVE-2020-36778,torvalds/linux,a85c5c7a3aa8041777ff691400b4046e56149fd3,drivers/i2c/busses/i2c-xiic.c,xiic_i2c_remove,drivers/i2c/busses/i2c-xiic.c,xiic_i2c_remove,函数名相同,FP
CVE-2020-36781,torvalds/linux,47ff617217ca6a13194fcb35c6c3a0c57c080693,drivers/i2c/busses/i2c-imx.c,i2c_imx_remove,drivers/i2c/busses/i2c-imx.c,i2c_imx_remove,,FP
CVE-2020-36781,torvalds/linux,47ff617217ca6a13194fcb35c6c3a0c57c080693,drivers/i2c/busses/i2c-imx.c,i2c_imx_remove,drivers/i2c/busses/i2c-imx.c,i2c_imx_remove,函数名相同,FP
CVE-2021-23133,torvalds/linux,b166a20b07382b8bc1dcee2a448715c9c2c81b5b,net/sctp/socket.c,sctp_close,net/sctp/socket.c,sctp_close,,FP
CVE-2021-23133,torvalds/linux,b166a20b07382b8bc1dcee2a448715c9c2c81b5b,net/sctp/socket.c,sctp_destroy_sock,net/sctp/socket.c,sctp_destroy_sock,,FP
CVE-2021-23133,torvalds/linux,b166a20b07382b8bc1dcee2a448715c9c2c81b5b,net/sctp/socket.c,sctp_init_sock,net/sctp/socket.c,sctp_init_sock,,FP
CVE-2021-23133,torvalds/linux,b166a20b07382b8bc1dcee2a448715c9c2c81b5b,net/sctp/socket.c,sctp_close,net/sctp/socket.c,sctp_close,函数名相同,FP
CVE-2021-23133,torvalds/linux,b166a20b07382b8bc1dcee2a448715c9c2c81b5b,net/sctp/socket.c,sctp_destroy_sock,net/sctp/socket.c,sctp_destroy_sock,函数名相同,FP
CVE-2021-23133,torvalds/linux,b166a20b07382b8bc1dcee2a448715c9c2c81b5b,net/sctp/socket.c,sctp_init_sock,net/sctp/socket.c,sctp_init_sock,函数名相同,FP
CVE-2021-26708,torvalds/linux,c518adafa39f37858697ac9309c6cf1805581446,net/vmw_vsock/af_vsock.c,vsock_stream_sendmsg,net/vmw_vsock/af_vsock.c,vsock_connectible_sendmsg,,
CVE-2021-26708,torvalds/linux,c518adafa39f37858697ac9309c6cf1805581446,net/vmw_vsock/af_vsock.c,vsock_stream_sendmsg,net/vmw_vsock/af_vsock.c,vsock_connectible_sendmsg,没有关键漏洞特征,FP
CVE-2021-28039,torvalds/linux,882213990d32fd224340a4533f6318dd152be4b2,arch/x86/xen/p2m.c,xen_vmalloc_p2m_tree,arch/x86/xen/p2m.c,xen_vmalloc_p2m_tree,,FP
CVE-2021-28039,torvalds/linux,882213990d32fd224340a4533f6318dd152be4b2,arch/x86/xen/p2m.c,xen_vmalloc_p2m_tree,arch/x86/xen/p2m.c,xen_vmalloc_p2m_tree,函数名相同,FP
CVE-2021-28691,torvalds/linux,107866a8eb0b664675a260f1ba0655010fac1e08,drivers/net/xen-netback/interface.c,xenvif_disconnect_queue,drivers/net/xen-netback/interface.c,xenvif_disconnect_queue,,FP
CVE-2021-28691,torvalds/linux,107866a8eb0b664675a260f1ba0655010fac1e08,drivers/net/xen-netback/interface.c,xenvif_disconnect_queue,drivers/net/xen-netback/interface.c,xenvif_disconnect_queue,函数名相同,FP
CVE-2021-3493,torvalds/linux,7c03e2cda4a584cadc398e8f6641ca9988a39d52,fs/xattr.c,vfs_setxattr,fs/xattr.c,vfs_removexattr,,
CVE-2021-3609,torvalds/linux,d5f9023fa61ee8b94f37a93f08e94b136cf1e463,net/can/bcm.c,bcm_delete_rx_op,net/can/bcm.c,bcm_delete_rx_op,,FP
CVE-2021-3609,torvalds/linux,d5f9023fa61ee8b94f37a93f08e94b136cf1e463,net/can/bcm.c,bcm_delete_rx_op,net/can/bcm.c,bcm_delete_rx_op,函数名相同,FP
CVE-2021-3732,torvalds/linux,427215d85e8d1476da1a86b8d67aceb485eb3631,fs/namespace.c,has_locked_children,fs/namespace.c,has_locked_children,,FP
CVE-2021-3732,torvalds/linux,427215d85e8d1476da1a86b8d67aceb485eb3631,fs/namespace.c,has_locked_children,fs/namespace.c,__has_locked_children,函数包装,FP
CVE-2021-39686,torvalds/linux,29bc22ac5e5bc63275e850f0c8fc549e3d0e306b,drivers/android/binder.c,binder_transaction,drivers/android/binder.c,binder_transaction,,FP
CVE-2021-39686,torvalds/linux,29bc22ac5e5bc63275e850f0c8fc549e3d0e306b,drivers/android/binder.c,binder_transaction,drivers/android/binder.c,binder_transaction,函数名相同,FP
CVE-2021-4095,torvalds/linux,55749769fe608fa3f4a075e42e89d237c8e37637,arch/x86/kvm/x86.c,kvm_write_wall_clock,arch/x86/kvm/x86.c,kvm_write_wall_clock,,FP
CVE-2021-4095,torvalds/linux,55749769fe608fa3f4a075e42e89d237c8e37637,arch/x86/kvm/x86.c,kvm_write_wall_clock,arch/x86/kvm/x86.c,kvm_write_wall_clock,函数名相同,FP
CVE-2021-46932,torvalds/linux,9f3ccdc3f6ef10084ceb3a47df0961bec6196fd0,drivers/input/mouse/appletouch.c,atp_probe,drivers/input/mouse/appletouch.c,atp_probe,,FP
CVE-2021-46932,torvalds/linux,9f3ccdc3f6ef10084ceb3a47df0961bec6196fd0,drivers/input/mouse/appletouch.c,atp_probe,drivers/input/mouse/appletouch.c,atp_probe,函数名相同,FP
CVE-2021-46943,torvalds/linux,ad91849996f9dd79741a961fd03585a683b08356,drivers/staging/media/ipu3/ipu3-v4l2.c,imgu_fmt,drivers/staging/media/ipu3/ipu3-v4l2.c,imgu_fmt,,FP
CVE-2021-46943,torvalds/linux,ad91849996f9dd79741a961fd03585a683b08356,drivers/staging/media/ipu3/ipu3-v4l2.c,imgu_fmt,drivers/staging/media/ipu3/ipu3-v4l2.c,imgu_fmt,函数名相同,FP
CVE-2021-46956,torvalds/linux,c79c5e0178922a9e092ec8fed026750f39dcaef4,fs/fuse/virtio_fs.c,virtio_fs_probe,fs/fuse/virtio_fs.c,virtio_fs_probe,,FP
CVE-2021-46956,torvalds/linux,c79c5e0178922a9e092ec8fed026750f39dcaef4,fs/fuse/virtio_fs.c,virtio_fs_probe,fs/fuse/virtio_fs.c,virtio_fs_probe,函数名相同,FP
CVE-2021-46994,torvalds/linux,03c427147b2d3e503af258711af4fc792b89b0af,drivers/net/can/spi/mcp251x.c,mcp251x_can_remove,drivers/net/can/spi/hi311x.c,hi3110_can_remove,,TP
CVE-2021-47012,torvalds/linux,3093ee182f01689b89e9f8797b321603e5de4f63,drivers/infiniband/sw/siw/siw_mem.c,siw_mr_add_mem,drivers/infiniband/sw/siw/siw_mem.c,siw_mr_add_mem,,FP
CVE-2021-47012,torvalds/linux,3093ee182f01689b89e9f8797b321603e5de4f63,drivers/infiniband/sw/siw/siw_mem.c,siw_mr_add_mem,drivers/infiniband/sw/siw/siw_mem.c,siw_mr_add_mem,函数名相同,FP
CVE-2021-47024,torvalds/linux,8432b8114957235f42e070a16118a7f750de9d39,net/vmw_vsock/virtio_transport_common.c,virtio_transport_do_close,net/vmw_vsock/hyperv_transport.c,hvs_do_close_lock_held,,
CVE-2021-47055,torvalds/linux,1e97743fd180981bef5f01402342bb54bf1c6366,drivers/mtd/mtdchar.c,mtdchar_ioctl,drivers/mtd/mtdchar.c,mtdchar_ioctl,,FP
CVE-2021-47055,torvalds/linux,1e97743fd180981bef5f01402342bb54bf1c6366,drivers/mtd/mtdchar.c,mtdchar_ioctl,drivers/mtd/mtdchar.c,mtdchar_ioctl,函数名相同,FP
CVE-2021-47056,torvalds/linux,8609f5cfdc872fc3a462efa6a3eca5cb1e2f6446,drivers/crypto/qat/qat_c3xxxvf/adf_drv.c,adf_probe,drivers/crypto/intel/qat/qat_c3xxxvf/adf_drv.c,adf_probe,没有关键漏洞特征,FP
CVE-2021-47056,torvalds/linux,8609f5cfdc872fc3a462efa6a3eca5cb1e2f6446,drivers/crypto/qat/qat_c62xvf/adf_drv.c,adf_probe,drivers/crypto/intel/qat/qat_c3xxxvf/adf_drv.c,adf_probe,没有关键漏洞特征,FP
CVE-2021-47056,torvalds/linux,8609f5cfdc872fc3a462efa6a3eca5cb1e2f6446,drivers/crypto/qat/qat_dh895xccvf/adf_drv.c,adf_probe,drivers/crypto/intel/qat/qat_c3xxxvf/adf_drv.c,adf_probe,没有关键漏洞特征,FP
CVE-2021-47056,torvalds/linux,8609f5cfdc872fc3a462efa6a3eca5cb1e2f6446,drivers/crypto/qat/qat_c3xxxvf/adf_drv.c,adf_probe,drivers/crypto/intel/qat/qat_dh895xccvf/adf_drv.c,adf_probe,没有关键漏洞特征,FP
CVE-2021-47056,torvalds/linux,8609f5cfdc872fc3a462efa6a3eca5cb1e2f6446,drivers/crypto/qat/qat_c62xvf/adf_drv.c,adf_probe,drivers/crypto/intel/qat/qat_dh895xccvf/adf_drv.c,adf_probe,没有关键漏洞特征,FP
CVE-2021-47056,torvalds/linux,8609f5cfdc872fc3a462efa6a3eca5cb1e2f6446,drivers/crypto/qat/qat_dh895xccvf/adf_drv.c,adf_probe,drivers/crypto/intel/qat/qat_dh895xccvf/adf_drv.c,adf_probe,没有关键漏洞特征,FP
CVE-2021-47056,torvalds/linux,8609f5cfdc872fc3a462efa6a3eca5cb1e2f6446,drivers/crypto/qat/qat_c3xxxvf/adf_drv.c,adf_probe,drivers/crypto/intel/qat/qat_c62xvf/adf_drv.c,adf_probe,没有关键漏洞特征,FP
CVE-2021-47056,torvalds/linux,8609f5cfdc872fc3a462efa6a3eca5cb1e2f6446,drivers/crypto/qat/qat_c62xvf/adf_drv.c,adf_probe,drivers/crypto/intel/qat/qat_c62xvf/adf_drv.c,adf_probe,没有关键漏洞特征,FP
CVE-2021-47056,torvalds/linux,8609f5cfdc872fc3a462efa6a3eca5cb1e2f6446,drivers/crypto/qat/qat_dh895xccvf/adf_drv.c,adf_probe,drivers/crypto/intel/qat/qat_c62xvf/adf_drv.c,adf_probe,没有关键漏洞特征,FP
CVE-2021-47101,torvalds/linux,8035b1a2a37a29d8c717ef84fca8fe7278bc9f03,drivers/net/usb/asix_common.c,asix_check_host_enable,drivers/net/usb/asix_common.c,asix_check_host_enable,,FP
CVE-2021-47101,torvalds/linux,8035b1a2a37a29d8c717ef84fca8fe7278bc9f03,drivers/net/usb/asix_common.c,asix_check_host_enable,drivers/net/usb/asix_common.c,asix_check_host_enable,函数名相同,FP
CVE-2021-47120,torvalds/linux,4b4f6cecca446abcb686c6e6c451d4f1ec1a7497,drivers/hid/hid-magicmouse.c,magicmouse_probe,drivers/hid/hid-magicmouse.c,magicmouse_probe,,FP
CVE-2021-47127,torvalds/linux,e102db780e1c14f10c70dafa7684af22a745b51d,drivers/net/ethernet/intel/ice/ice_lib.c,ice_vsi_free_arrays,drivers/net/ethernet/intel/ice/ice_lib.c,ice_vsi_free_arrays,,FP
CVE-2021-47127,torvalds/linux,e102db780e1c14f10c70dafa7684af22a745b51d,drivers/net/ethernet/intel/ice/ice_xsk.c,ice_xsk_pool_disable,drivers/net/ethernet/intel/ice/ice_xsk.c,ice_xsk_pool_disable,,FP
CVE-2021-47127,torvalds/linux,e102db780e1c14f10c70dafa7684af22a745b51d,drivers/net/ethernet/intel/ice/ice_lib.c,ice_vsi_alloc_arrays,drivers/net/ethernet/intel/ice/ice_lib.c,ice_vsi_alloc_arrays,,FP
CVE-2021-47127,torvalds/linux,e102db780e1c14f10c70dafa7684af22a745b51d,drivers/net/ethernet/intel/ice/ice_lib.c,ice_vsi_free_arrays,drivers/net/ethernet/intel/ice/ice_lib.c,ice_vsi_free_arrays,函数名相同,FP
CVE-2021-47127,torvalds/linux,e102db780e1c14f10c70dafa7684af22a745b51d,drivers/net/ethernet/intel/ice/ice_xsk.c,ice_xsk_pool_disable,drivers/net/ethernet/intel/ice/ice_xsk.c,ice_xsk_pool_disable,函数名相同,FP
CVE-2021-47127,torvalds/linux,e102db780e1c14f10c70dafa7684af22a745b51d,drivers/net/ethernet/intel/ice/ice_lib.c,ice_vsi_alloc_arrays,drivers/net/ethernet/intel/ice/ice_lib.c,ice_vsi_alloc_arrays,函数名相同,FP
CVE-2022-0171,torvalds/linux,683412ccf61294d727ead4a73d97397396e69a6b,virt/kvm/kvm_main.c,kvm_mmu_notifier_invalidate_range_start,virt/kvm/kvm_main.c,kvm_mmu_notifier_invalidate_range_start,,FP
CVE-2022-0171,torvalds/linux,683412ccf61294d727ead4a73d97397396e69a6b,virt/kvm/kvm_main.c,kvm_mmu_notifier_invalidate_range_start,virt/kvm/kvm_main.c,kvm_mmu_notifier_invalidate_range_start,函数名相同,FP
CVE-2022-0330,torvalds/linux,7938d61591d33394a21bdd7797a245b65428f44c,drivers/gpu/drm/i915/gem/i915_gem_pages.c,__i915_gem_object_unset_pages,drivers/gpu/drm/i915/gem/i915_gem_pages.c,__i915_gem_object_unset_pages,,FP
CVE-2022-0330,torvalds/linux,7938d61591d33394a21bdd7797a245b65428f44c,drivers/gpu/drm/i915/gt/intel_gt.c,__intel_gt_init_early,drivers/gpu/drm/i915/gt/intel_gt.c,intel_gt_common_init_early,,
CVE-2022-0480,torvalds/linux,0f12156dff2862ac54235fc72703f18770769042,fs/locks.c,filelock_init,fs/locks.c,filelock_init,,FP
CVE-2022-0480,torvalds/linux,0f12156dff2862ac54235fc72703f18770769042,fs/locks.c,filelock_init,fs/locks.c,filelock_init,函数名相同,FP
CVE-2022-0487,torvalds/linux,bd2db32e7c3e35bd4d9b8bbff689434a50893546,drivers/mmc/host/moxart-mmc.c,moxart_remove,drivers/mmc/host/moxart-mmc.c,moxart_remove,,FP
CVE-2022-0487,torvalds/linux,bd2db32e7c3e35bd4d9b8bbff689434a50893546,drivers/mmc/host/moxart-mmc.c,moxart_remove,drivers/mmc/host/moxart-mmc.c,moxart_remove,函数名相同,FP
CVE-2022-1016,torvalds/linux,4c905f6740a365464e91467aa50916555b28213d,net/netfilter/nf_tables_core.c,nft_do_chain,net/netfilter/nf_tables_core.c,nft_do_chain,,FP
CVE-2022-1016,torvalds/linux,4c905f6740a365464e91467aa50916555b28213d,net/netfilter/nf_tables_core.c,nft_do_chain,net/netfilter/nf_tables_core.c,nft_do_chain,函数名相同,FP
CVE-2022-1198,torvalds/linux,efe4186e6a1b54bf38b9e05450d43b0da1fd7739,drivers/net/hamradio/6pack.c,sixpack_close,drivers/net/hamradio/6pack.c,sixpack_close,,FP
CVE-2022-1198,torvalds/linux,efe4186e6a1b54bf38b9e05450d43b0da1fd7739,drivers/net/hamradio/6pack.c,sixpack_close,drivers/net/hamradio/6pack.c,sixpack_close,函数名相同,FP
CVE-2022-1205,torvalds/linux,fc6d01ff9ef03b66d4a3a23b46fc3c3d8cf92009,net/ax25/af_ax25.c,ax25_kill_by_device,net/ax25/af_ax25.c,ax25_kill_by_device,,FP
CVE-2022-1205,torvalds/linux,fc6d01ff9ef03b66d4a3a23b46fc3c3d8cf92009,net/ax25/af_ax25.c,ax25_kill_by_device,net/ax25/af_ax25.c,ax25_kill_by_device,函数名相同,FP
CVE-2022-1263,torvalds/linux,5593473a1e6c743764b08e3b6071cb43b5cfa6c4,virt/kvm/kvm_main.c,kvm_vcpu_destroy,virt/kvm/kvm_main.c,kvm_vcpu_destroy,,FP
CVE-2022-1263,torvalds/linux,5593473a1e6c743764b08e3b6071cb43b5cfa6c4,virt/kvm/kvm_main.c,kvm_vcpu_destroy,virt/kvm/kvm_main.c,kvm_vcpu_destroy,函数名相同,FP
CVE-2022-1679,torvalds/linux,0ac4827f78c7ffe8eef074bc010e7e34bc22f533,drivers/net/wireless/ath/ath9k/htc_drv_init.c,ath9k_htc_probe_device,drivers/net/wireless/ath/ath9k/htc_drv_init.c,ath9k_htc_probe_device,,FP
CVE-2022-1679,torvalds/linux,0ac4827f78c7ffe8eef074bc010e7e34bc22f533,drivers/net/wireless/ath/ath9k/htc_drv_init.c,ath9k_htc_probe_device,drivers/net/wireless/ath/ath9k/htc_drv_init.c,ath9k_htc_probe_device,函数名相同,FP
CVE-2022-1973,torvalds/linux,f26967b9f7a830e228bb13fb41bd516ddd9d789d,fs/ntfs3/fslog.c,log_replay,fs/ntfs3/fslog.c,log_replay,,FP
CVE-2022-1973,torvalds/linux,f26967b9f7a830e228bb13fb41bd516ddd9d789d,fs/ntfs3/fslog.c,log_replay,fs/ntfs3/fslog.c,log_replay,函数名相同,FP
CVE-2022-1975,torvalds/linux,4071bf121d59944d5cd2238de0642f3d7995a997,net/nfc/netlink.c,nfc_genl_fw_download_done,net/nfc/netlink.c,nfc_genl_se_removed,,TP
CVE-2022-1975,torvalds/linux,4071bf121d59944d5cd2238de0642f3d7995a997,net/nfc/netlink.c,nfc_genl_fw_download_done,net/nfc/netlink.c,nfc_genl_tm_activated,,FP
CVE-2022-1975,torvalds/linux,4071bf121d59944d5cd2238de0642f3d7995a997,net/nfc/netlink.c,nfc_genl_fw_download_done,net/nfc/netlink.c,nfc_genl_se_added,,FP
CVE-2022-1975,torvalds/linux,4071bf121d59944d5cd2238de0642f3d7995a997,net/nfc/netlink.c,nfc_genl_fw_download_done,net/nfc/netlink.c,nfc_genl_tm_deactivated,,FP
CVE-2022-1975,torvalds/linux,4071bf121d59944d5cd2238de0642f3d7995a997,net/nfc/netlink.c,nfc_genl_fw_download_done,net/nfc/netlink.c,nfc_genl_device_removed,,FP
CVE-2022-1998,torvalds/linux,ee12595147ac1fbfb5bcb23837e26dd58d94b15d,fs/notify/fanotify/fanotify_user.c,copy_event_to_user,fs/notify/fanotify/fanotify_user.c,copy_event_to_user,函数名相同,FP
CVE-2022-2196,torvalds/linux,2e7eab81425ad6c875f2ed47c0ce01e78afc38a5,arch/x86/kvm/vmx/vmx.c,vmx_vcpu_load_vmcs,arch/x86/kvm/vmx/vmx.c,vmx_vcpu_load_vmcs,,FP
CVE-2022-2196,torvalds/linux,2e7eab81425ad6c875f2ed47c0ce01e78afc38a5,arch/x86/kvm/vmx/nested.c,nested_vmx_vmexit,arch/x86/kvm/vmx/nested.c,__nested_vmx_vmexit,函数包装,FP
CVE-2022-2196,torvalds/linux,2e7eab81425ad6c875f2ed47c0ce01e78afc38a5,arch/x86/kvm/vmx/vmx.c,vmx_vcpu_load_vmcs,arch/x86/kvm/vmx/vmx.c,vmx_vcpu_load_vmcs,函数名相同,FP
CVE-2022-33742,torvalds/linux,2400617da7eebf9167d71a46122828bc479d64c9,drivers/block/xen-blkfront.c,blkfront_delay_work,drivers/block/xen-blkfront.c,blkfront_delay_work,,FP
CVE-2022-33742,torvalds/linux,2400617da7eebf9167d71a46122828bc479d64c9,drivers/block/xen-blkfront.c,blkfront_delay_work,drivers/block/xen-blkfront.c,blkfront_delay_work,函数名相同,FP
CVE-2022-3521,torvalds/linux,ec7eede369fe5b0d085ac51fdbb95184f87bfc6c,net/kcm/kcmsock.c,kcm_release,net/kcm/kcmsock.c,kcm_release,函数名相同,FP
CVE-2022-3567,torvalds/linux,364f997b5cfe1db0d63a390fe7c801fa2b3115f6,net/ipv6/ipv6_sockglue.c,do_ipv6_setsockopt,net/ipv6/ipv6_sockglue.c,do_ipv6_setsockopt,,FP
CVE-2022-3567,torvalds/linux,364f997b5cfe1db0d63a390fe7c801fa2b3115f6,net/ipv6/ipv6_sockglue.c,do_ipv6_setsockopt,net/ipv6/ipv6_sockglue.c,do_ipv6_setsockopt,函数名相同,FP
CVE-2022-3640,torvalds/linux,0d0e2d032811280b927650ff3c15fe5020e82533,net/bluetooth/l2cap_core.c,l2cap_data_channel,net/bluetooth/l2cap_core.c,l2cap_data_channel,,FP
CVE-2022-3640,torvalds/linux,0d0e2d032811280b927650ff3c15fe5020e82533,net/bluetooth/l2cap_core.c,l2cap_data_channel,net/bluetooth/l2cap_core.c,l2cap_data_channel,函数名相同,FP
CVE-2022-3910,torvalds/linux,fc7222c3a9f56271fba02aabbfbae999042f1679,io_uring/msg_ring.c,io_msg_ring,io_uring/msg_ring.c,io_msg_ring,,FP
CVE-2022-3910,torvalds/linux,fc7222c3a9f56271fba02aabbfbae999042f1679,io_uring/msg_ring.c,io_msg_ring,io_uring/msg_ring.c,io_msg_ring,函数名相同,FP
CVE-2022-48630,torvalds/linux,16287397ec5c08aa58db6acf7dbc55470d78087d,drivers/crypto/qcom-rng.c,qcom_rng_read,drivers/crypto/qcom-rng.c,qcom_rng_read,,FP
CVE-2022-48630,torvalds/linux,16287397ec5c08aa58db6acf7dbc55470d78087d,drivers/crypto/qcom-rng.c,qcom_rng_read,drivers/crypto/qcom-rng.c,qcom_rng_read,函数名相同,FP
CVE-2023-0459,torvalds/linux,74e19ef0ff8061ef55957c3abd71614ef0f42f47,lib/usercopy.c,_copy_from_user,arch/s390/lib/uaccess.c,_copy_from_user_key,,
CVE-2023-0459,torvalds/linux,74e19ef0ff8061ef55957c3abd71614ef0f42f47,lib/usercopy.c,_copy_from_user,arch/s390/lib/uaccess.c,_copy_from_user_key,没有关键漏洞特征,FP
CVE-2023-1195,torvalds/linux,153695d36ead0ccc4d0256953c751cabf673e621,fs/cifs/connect.c,cifs_put_tcp_session,fs/smb/client/connect.c,cifs_put_tcp_session,,
CVE-2023-1195,torvalds/linux,153695d36ead0ccc4d0256953c751cabf673e621,fs/cifs/connect.c,cifs_put_tcp_session,fs/smb/client/connect.c,cifs_put_tcp_session,函数名相同,FP
CVE-2023-2162,torvalds/linux,f484a794e4ee2a9ce61f52a78e810ac45f3fe3b3,drivers/scsi/iscsi_tcp.c,iscsi_sw_tcp_session_create,drivers/scsi/iscsi_tcp.c,iscsi_sw_tcp_session_create,,FP
CVE-2023-2162,torvalds/linux,f484a794e4ee2a9ce61f52a78e810ac45f3fe3b3,drivers/scsi/iscsi_tcp.c,iscsi_sw_tcp_session_create,drivers/scsi/iscsi_tcp.c,iscsi_sw_tcp_session_create,函数名相同,FP
CVE-2023-2176,torvalds/linux,8d037973d48c026224ab285e6a06985ccac6f7bf,drivers/infiniband/core/cma.c,rdma_resolve_addr,drivers/infiniband/core/cma.c,rdma_resolve_addr,,FP
CVE-2023-2176,torvalds/linux,8d037973d48c026224ab285e6a06985ccac6f7bf,drivers/infiniband/core/cma.c,rdma_resolve_addr,drivers/infiniband/core/cma.c,rdma_resolve_addr,函数名相同,FP
CVE-2023-25775,torvalds/linux,bb6d73d9add68ad270888db327514384dfa44958,drivers/infiniband/hw/irdma/verbs.c,irdma_hw_alloc_stag,drivers/infiniband/hw/irdma/verbs.c,irdma_hw_alloc_mw,,
CVE-2023-2985,torvalds/linux,07db5e247ab5858439b14dd7cc1fe538b9efcf32,fs/hfsplus/super.c,hfsplus_put_super,fs/hfsplus/super.c,hfsplus_put_super,,FP
CVE-2023-2985,torvalds/linux,07db5e247ab5858439b14dd7cc1fe538b9efcf32,fs/hfsplus/super.c,hfsplus_put_super,fs/hfsplus/super.c,hfsplus_put_super,函数名相同,FP
CVE-2023-33250,torvalds/linux,dbe245cdf5189e88d680379ed13901356628b650,drivers/iommu/iommufd/device.c,iommufd_access_unpin_pages,drivers/iommu/iommufd/device.c,iommufd_access_unpin_pages,,FP
CVE-2023-3567,torvalds/linux,226fae124b2dac217ea5436060d623ff3385bc34,drivers/tty/vt/vc_screen.c,vcs_read,drivers/tty/vt/vc_screen.c,vcs_read,,FP
CVE-2023-3567,torvalds/linux,226fae124b2dac217ea5436060d623ff3385bc34,drivers/tty/vt/vc_screen.c,vcs_read,drivers/tty/vt/vc_screen.c,vcs_read,函数名相同,FP
CVE-2023-38430,torvalds/linux,1c1bcf2d3ea061613119b534f57507c377df20f9,fs/smb/server/connection.c,ksmbd_conn_handler_loop,fs/smb/server/connection.c,ksmbd_conn_handler_loop,,FP
CVE-2023-38430,torvalds/linux,1c1bcf2d3ea061613119b534f57507c377df20f9,fs/smb/server/connection.c,ksmbd_conn_handler_loop,fs/smb/server/connection.c,ksmbd_conn_handler_loop,函数名相同,FP
CVE-2023-52491,torvalds/linux,206c857dd17d4d026de85866f1b5f0969f2a109e,drivers/media/platform/mediatek/jpeg/mtk_jpeg_core.c,mtk_jpeg_dec_device_run,drivers/media/platform/mediatek/jpeg/mtk_jpeg_core.c,mtk_jpeg_dec_device_run,函数名相同,FP
CVE-2023-52512,torvalds/linux,87d315a34133edcb29c4cadbf196ec6c30dfd47b,drivers/pinctrl/nuvoton/pinctrl-wpcm450.c,wpcm450_gpio_register,drivers/pinctrl/nuvoton/pinctrl-wpcm450.c,wpcm450_gpio_register,,FP
CVE-2023-52512,torvalds/linux,87d315a34133edcb29c4cadbf196ec6c30dfd47b,drivers/pinctrl/nuvoton/pinctrl-wpcm450.c,wpcm450_gpio_register,drivers/pinctrl/nuvoton/pinctrl-wpcm450.c,wpcm450_gpio_register,函数名相同,FP
CVE-2023-52588,torvalds/linux,4961acdd65c956e97c1a000c82d91a8c1cdbe44b,fs/f2fs/file.c,__clone_blkaddrs,fs/f2fs/file.c,__clone_blkaddrs,函数名相同,FP
CVE-2023-52598,torvalds/linux,8b13601d19c541158a6e18b278c00ba69ae37829,arch/s390/kernel/ptrace.c,__poke_user,arch/s390/kernel/ptrace.c,__poke_user,,FP
CVE-2023-52598,torvalds/linux,8b13601d19c541158a6e18b278c00ba69ae37829,arch/s390/kernel/ptrace.c,__poke_user_compat,arch/s390/kernel/ptrace.c,__poke_user_compat,,FP
CVE-2023-52598,torvalds/linux,8b13601d19c541158a6e18b278c00ba69ae37829,arch/s390/kernel/ptrace.c,__poke_user,arch/s390/kernel/ptrace.c,__poke_user,函数名相同,FP
CVE-2023-52598,torvalds/linux,8b13601d19c541158a6e18b278c00ba69ae37829,arch/s390/kernel/ptrace.c,__poke_user_compat,arch/s390/kernel/ptrace.c,__poke_user_compat,函数名相同,FP
CVE-2023-52623,torvalds/linux,31b62908693c90d4d07db597e685d9f25a120073,net/sunrpc/xprtmultipath.c,rpc_xprt_switch_has_addr,net/sunrpc/xprtmultipath.c,__rpc_xprt_switch_has_addr,,
CVE-2023-52623,torvalds/linux,31b62908693c90d4d07db597e685d9f25a120073,net/sunrpc/xprtmultipath.c,rpc_xprt_switch_has_addr,net/sunrpc/xprtmultipath.c,__rpc_xprt_switch_has_addr,函数包装,FP
CVE-2023-52629,torvalds/linux,246f80a0b17f8f582b2c0996db02998239057c65,arch/sh/drivers/push-switch.c,switch_drv_remove,arch/sh/drivers/push-switch.c,switch_drv_remove,,FP
CVE-2023-52629,torvalds/linux,246f80a0b17f8f582b2c0996db02998239057c65,arch/sh/drivers/push-switch.c,switch_drv_remove,arch/sh/drivers/push-switch.c,switch_drv_remove,函数名相同,FP
CVE-2023-5717,torvalds/linux,32671e3799ca2e4590773fd0e63aaa4229e50c06,kernel/events/core.c,perf_read_group,kernel/events/core.c,perf_read_group,,FP
CVE-2023-5717,torvalds/linux,32671e3799ca2e4590773fd0e63aaa4229e50c06,kernel/events/core.c,perf_read_group,kernel/events/core.c,perf_read_group,函数名相同,FP
CVE-2023-6200,torvalds/linux,dade3f6a1e4e35a5ae916d5e78b3229ec34c78ec,net/ipv6/ip6_fib.c,fib6_info_alloc,net/ipv6/ip6_fib.c,fib6_info_alloc,,FP
CVE-2023-6200,torvalds/linux,dade3f6a1e4e35a5ae916d5e78b3229ec34c78ec,net/ipv6/ip6_fib.c,fib6_run_gc,net/ipv6/ip6_fib.c,fib6_run_gc,,FP
CVE-2023-6200,torvalds/linux,dade3f6a1e4e35a5ae916d5e78b3229ec34c78ec,net/ipv6/ip6_fib.c,fib6_alloc_table,net/ipv6/ip6_fib.c,fib6_alloc_table,,FP
CVE-2023-6200,torvalds/linux,dade3f6a1e4e35a5ae916d5e78b3229ec34c78ec,net/ipv6/ip6_fib.c,fib6_info_alloc,net/ipv6/ip6_fib.c,fib6_info_alloc,函数名相同,FP
CVE-2023-6200,torvalds/linux,dade3f6a1e4e35a5ae916d5e78b3229ec34c78ec,net/ipv6/ip6_fib.c,fib6_run_gc,net/ipv6/ip6_fib.c,fib6_run_gc,函数名相同,FP
CVE-2023-6200,torvalds/linux,dade3f6a1e4e35a5ae916d5e78b3229ec34c78ec,net/ipv6/ip6_fib.c,fib6_alloc_table,net/ipv6/ip6_fib.c,fib6_alloc_table,函数名相同,FP
CVE-2024-0582,torvalds/linux,c392cbecd8eca4c53f2bf508731257d9d0a21c2d,io_uring/io_uring.c,io_ring_ctx_alloc,io_uring/io_uring.c,io_ring_ctx_alloc,函数名相同,FP
CVE-2024-26619,torvalds/linux,78996eee79ebdfe8b6f0e54cb6dcc792d5129291,arch/riscv/kernel/module.c,add_relocation_to_accumulate,arch/riscv/kernel/module.c,add_relocation_to_accumulate,,FP
CVE-2024-26619,torvalds/linux,78996eee79ebdfe8b6f0e54cb6dcc792d5129291,arch/riscv/kernel/module.c,add_relocation_to_accumulate,arch/riscv/kernel/module.c,add_relocation_to_accumulate,函数名相同,FP
CVE-2024-26660,torvalds/linux,58fca355ad37dcb5f785d9095db5f748b79c5dc2,drivers/gpu/drm/amd/display/dc/resource/dcn301/dcn301_resource.c,dcn301_stream_encoder_create,drivers/gpu/drm/amd/display/dc/resource/dcn30/dcn30_resource.c,dcn30_stream_encoder_create,,FP
CVE-2024-26660,torvalds/linux,58fca355ad37dcb5f785d9095db5f748b79c5dc2,drivers/gpu/drm/amd/display/dc/resource/dcn301/dcn301_resource.c,dcn301_stream_encoder_create,drivers/gpu/drm/amd/display/dc/resource/dcn316/dcn316_resource.c,dcn316_stream_encoder_create,,FP
CVE-2024-26660,torvalds/linux,58fca355ad37dcb5f785d9095db5f748b79c5dc2,drivers/gpu/drm/amd/display/dc/resource/dcn301/dcn301_resource.c,dcn301_stream_encoder_create,drivers/gpu/drm/amd/display/dc/resource/dcn35/dcn35_resource.c,dcn35_stream_encoder_create,,TP
CVE-2024-26660,torvalds/linux,58fca355ad37dcb5f785d9095db5f748b79c5dc2,drivers/gpu/drm/amd/display/dc/resource/dcn301/dcn301_resource.c,dcn301_stream_encoder_create,drivers/gpu/drm/amd/display/dc/resource/dcn314/dcn314_resource.c,dcn314_stream_encoder_create,,FP
CVE-2024-26660,torvalds/linux,58fca355ad37dcb5f785d9095db5f748b79c5dc2,drivers/gpu/drm/amd/display/dc/resource/dcn301/dcn301_resource.c,dcn301_stream_encoder_create,drivers/gpu/drm/amd/display/dc/resource/dcn303/dcn303_resource.c,dcn303_stream_encoder_create,,FP
CVE-2024-26660,torvalds/linux,58fca355ad37dcb5f785d9095db5f748b79c5dc2,drivers/gpu/drm/amd/display/dc/resource/dcn301/dcn301_resource.c,dcn301_stream_encoder_create,drivers/gpu/drm/amd/display/dc/resource/dcn351/dcn351_resource.c,dcn35_stream_encoder_create,,TP
CVE-2024-26660,torvalds/linux,58fca355ad37dcb5f785d9095db5f748b79c5dc2,drivers/gpu/drm/amd/display/dc/resource/dcn301/dcn301_resource.c,dcn301_stream_encoder_create,drivers/gpu/drm/amd/display/dc/resource/dcn32/dcn32_resource.c,dcn32_stream_encoder_create,,TP
CVE-2024-26660,torvalds/linux,58fca355ad37dcb5f785d9095db5f748b79c5dc2,drivers/gpu/drm/amd/display/dc/resource/dcn301/dcn301_resource.c,dcn301_stream_encoder_create,drivers/gpu/drm/amd/display/dc/resource/dcn315/dcn315_resource.c,dcn315_stream_encoder_create,,FP
CVE-2024-26660,torvalds/linux,58fca355ad37dcb5f785d9095db5f748b79c5dc2,drivers/gpu/drm/amd/display/dc/resource/dcn301/dcn301_resource.c,dcn301_stream_encoder_create,drivers/gpu/drm/amd/display/dc/resource/dcn31/dcn31_resource.c,dcn31_stream_encoder_create,,FP
CVE-2024-26660,torvalds/linux,58fca355ad37dcb5f785d9095db5f748b79c5dc2,drivers/gpu/drm/amd/display/dc/resource/dcn301/dcn301_resource.c,dcn301_stream_encoder_create,drivers/gpu/drm/amd/display/dc/resource/dcn302/dcn302_resource.c,dcn302_stream_encoder_create,,FP
CVE-2024-26660,torvalds/linux,58fca355ad37dcb5f785d9095db5f748b79c5dc2,drivers/gpu/drm/amd/display/dc/resource/dcn301/dcn301_resource.c,dcn301_stream_encoder_create,drivers/gpu/drm/amd/display/dc/resource/dcn321/dcn321_resource.c,dcn321_stream_encoder_create,,TP
CVE-2024-26660,torvalds/linux,58fca355ad37dcb5f785d9095db5f748b79c5dc2,drivers/gpu/drm/amd/display/dc/resource/dcn301/dcn301_resource.c,dcn301_stream_encoder_create,drivers/gpu/drm/amd/display/dc/resource/dcn36/dcn36_resource.c,dcn35_stream_encoder_create,,TP
CVE-2024-26720,torvalds/linux,9319b647902cbd5cc884ac08a8a6d54ce111fc78,mm/page-writeback.c,wb_dirty_limits,mm/page-writeback.c,wb_dirty_limits,,FP
CVE-2024-26720,torvalds/linux,9319b647902cbd5cc884ac08a8a6d54ce111fc78,mm/page-writeback.c,wb_dirty_limits,mm/page-writeback.c,wb_dirty_limits,函数名相同,FP
CVE-2024-26745,torvalds/linux,09a3c1e46142199adcee372a420b024b4fc61051,arch/powerpc/platforms/pseries/iommu.c,find_existing_ddw_windows_named,arch/powerpc/platforms/pseries/iommu.c,find_existing_ddw_windows_named,,FP
CVE-2024-26745,torvalds/linux,09a3c1e46142199adcee372a420b024b4fc61051,arch/powerpc/platforms/pseries/iommu.c,find_existing_ddw_windows_named,arch/powerpc/platforms/pseries/iommu.c,find_existing_ddw_windows_named,函数名相同,FP
CVE-2024-26765,torvalds/linux,1001db6c42e4012b55e5ee19405490f23e033b5a,arch/loongarch/kernel/smp.c,arch_cpu_idle_dead,arch/loongarch/kernel/smp.c,poll_play_dead,,TP
CVE-2024-26803,torvalds/linux,fe9f801355f0b47668419f30f1fac1cf4539e736,drivers/net/veth.c,veth_xdp_set,drivers/net/veth.c,veth_xdp_set,,FP
CVE-2024-26803,torvalds/linux,fe9f801355f0b47668419f30f1fac1cf4539e736,drivers/net/veth.c,veth_xdp_set,drivers/net/veth.c,veth_xdp_set,函数名相同,FP
CVE-2016-7163,uclouvain/openjpeg,c16bc057ba3f125051c9966cf1f5b68a05681de4,src/lib/openjp2/pi.c,opj_pi_create_decode,src/lib/openjp2/pi.c,opj_pi_initialise_encode,,TP
CVE-2020-15389,uclouvain/openjpeg,e8e258ab049240c2dd1f1051b4e773b21e2d3dc0,src/bin/jp2/opj_decompress.c,main,src/bin/jp2/opj_decompress.c,main,,FP
CVE-2020-26418,wireshark/wireshark,f4374967bbf9c12746b8ec3cd54dddada9dd353e,epan/dissectors/packet-kafka.c,dissect_kafka_message_old,epan/dissectors/packet-kafka.c,dissect_kafka_message_old,,FP
CVE-2020-7045,wireshark/wireshark,01f261de41f4dd3233ef578e5c0ffb9c25c7d14d,epan/dissectors/packet-btatt.c,dissect_attribute_value,epan/dissectors/packet-btatt.c,dissect_attribute_value,,FP
CVE-2021-22191,wireshark/wireshark,e99c9afce86edd47b4388dd6e10cf2e758fe31cf,epan/wslua/wslua_gui.c,wslua_browser_open_data_file,epan/wslua/wslua_gui.c,wslua_browser_open_data_file,,FP
CVE-2021-22191,wireshark/wireshark,e99c9afce86edd47b4388dd6e10cf2e758fe31cf,epan/wslua/wslua_gui.c,wslua_browser_open_url,epan/wslua/wslua_gui.c,wslua_browser_open_url,,FP
CVE-2021-39922,wireshark/wireshark,b760c356c7050f75faa5421d6812ab312b8651a1,epan/dissectors/packet-c1222.c,proto_register_c1222,epan/dissectors/packet-c1222.c,proto_register_c1222,,FP
