repo,cve,type,version
linux,CVE-2020-0009,vul,v3.3
linux,CVE-2020-0009,vul,v4.6
linux,CVE-2020-0041,vul,v5.1
linux,CVE-2020-0041,vul,v5.3
linux,CVE-2020-0067,vul,v4.4
linux,CVE-2020-0404,vul,v3.7
linux,CVE-2020-0404,vul,v4.10
linux,CVE-2020-0423,pre,v3.19
linux,CVE-2020-0423,vul,v4.14
linux,CVE-2020-0423,vul,v4.15
linux,CVE-2020-0427,vul,v3.5
linux,CVE-2020-0427,vul,v4.1
linux,CVE-2020-0429,vul,v2.6.35
linux,CVE-2020-0429,vul,v3.5
linux,CVE-2020-0430,pre,v4.12
linux,CVE-2020-0430,vul,v4.14
linux,CVE-2020-0430,vul,v4.16
linux,CVE-2020-0444,vul,v3.18
linux,CVE-2020-0444,vul,v4.3
linux,CVE-2020-0465,vul,v3.15
linux,CVE-2020-10135,vul,v2.6.12
linux,CVE-2020-10135,vul,v3.5
ImageMagick,CVE-2020-10251,vul,7.0.8-60
ImageMagick,CVE-2020-10251,vul,7.0.9-23
linux,CVE-2020-10690,pre,v2.6.39
linux,CVE-2020-10690,vul,v3.0
linux,CVE-2020-10690,vul,v4.9
linux,CVE-2020-10711,pre,v3.14
linux,CVE-2020-10711,vul,v3.17
linux,CVE-2020-10711,vul,v4.8
linux,CVE-2020-10720,vul,v3.15
linux,CVE-2020-10720,vul,v4.7
linux,CVE-2020-10732,vul,v2.6.25
linux,CVE-2020-10732,vul,v4.9
linux,CVE-2020-10742,vul,v2.6.24
linux,CVE-2020-10757,pre,v3.18
linux,CVE-2020-10757,vul,v4.5
linux,CVE-2020-10757,vul,v4.14
linux,CVE-2020-10757,fix,v6.17
linux,CVE-2020-10766,vul,v4.20
linux,CVE-2020-10766,vul,v5.1
linux,CVE-2020-10767,vul,v4.20
linux,CVE-2020-10767,vul,v5.0
linux,CVE-2020-10773,vul,v2.6.12
linux,CVE-2020-10773,vul,v2.6.32
linux,CVE-2020-11494,vul,v2.6.38
linux,CVE-2020-11494,vul,v3.11
wireshark,CVE-2020-11647,pre,wireshark-1.2.0
wireshark,CVE-2020-11647,vul,v1.10.8
wireshark,CVE-2020-11647,vul,v2.2.0
httpd,CVE-2020-11985,vul,2.4.20
httpd,CVE-2020-11985,vul,2.4.4
linux,CVE-2020-12114,pre,v3.6
linux,CVE-2020-12114,vul,v3.10
linux,CVE-2020-12114,vul,v4.0
linux,CVE-2020-12352,vul,v3.6
linux,CVE-2020-12352,vul,v3.13
linux,CVE-2020-12655,vul,v3.17
linux,CVE-2020-12655,vul,v4.9
linux,CVE-2020-12659,vul,v4.18
linux,CVE-2020-12659,vul,v5.3
linux,CVE-2020-12768,vul,v4.16
linux,CVE-2020-12768,vul,v4.18
linux,CVE-2020-12771,vul,v3.15
linux,CVE-2020-12771,vul,v4.19
linux,CVE-2020-12826,vul,v3.7
linux,CVE-2020-14305,vul,v3.6
linux,CVE-2020-14305,vul,v4.5
linux,CVE-2020-14314,pre,v2.6.22
linux,CVE-2020-14314,vul,v2.6.23
linux,CVE-2020-14314,vul,v3.5
linux,CVE-2020-14351,vul,v3.10
linux,CVE-2020-14351,vul,v4.13
linux,CVE-2020-14381,vul,v3.8
linux,CVE-2020-14386,pre,v4.1
linux,CVE-2020-14386,vul,v4.6
linux,CVE-2020-14386,vul,v4.13
linux,CVE-2020-14416,vul,v2.6.38
linux,CVE-2020-14416,vul,v3.12
linux,CVE-2020-15436,pre,v2.6.36
linux,CVE-2020-15436,vul,v2.6.38
linux,CVE-2020-15436,vul,v4.5
linux,CVE-2020-15437,vul,v3.9
linux,CVE-2020-15437,vul,v4.8
linux,CVE-2020-15852,vul,v5.5
linux,CVE-2020-15852,vul,v5.6
linux,CVE-2020-16120,vul,v3.18
linux,CVE-2020-16120,vul,v4.17
linux,CVE-2020-1749,vul,v4.4
linux,CVE-2020-1749,vul,v4.14
wireshark,CVE-2020-17498,vul,v3.2.2
wireshark,CVE-2020-17498,vul,v3.1.1
ImageMagick,CVE-2020-19667,vul,7.0.7-39
ImageMagick,CVE-2020-19667,vul,7.0.8-19
FFmpeg,CVE-2020-20448,vul,n1.1.4
FFmpeg,CVE-2020-20448,vul,n2.6.1
FFmpeg,CVE-2020-20450,pre,v0.6
FFmpeg,CVE-2020-20450,vul,n3.1.4
FFmpeg,CVE-2020-20450,vul,n4.0
FFmpeg,CVE-2020-20453,pre,n2.5.11
FFmpeg,CVE-2020-20453,vul,n3.4.4
FFmpeg,CVE-2020-20453,vul,n3.0.10
FFmpeg,CVE-2020-20892,vul,n3.4.4
FFmpeg,CVE-2020-20892,vul,n3.1.4
FFmpeg,CVE-2020-20898,vul,n4.1.10
FFmpeg,CVE-2020-20898,vul,n3.2.12
FFmpeg,CVE-2020-20902,vul,n1.1.4
FFmpeg,CVE-2020-20902,vul,n2.8.1
FFmpeg,CVE-2020-22015,vul,n3.4.3
FFmpeg,CVE-2020-22015,vul,n4.2.2
FFmpeg,CVE-2020-22017,vul,n3.4.3
FFmpeg,CVE-2020-22017,vul,n4.2.2
FFmpeg,CVE-2020-22021,pre,n1.2
FFmpeg,CVE-2020-22021,vul,n2.1.2
FFmpeg,CVE-2020-22021,vul,n4.4
FFmpeg,CVE-2020-22022,pre,n1.2.3
FFmpeg,CVE-2020-22022,vul,n2.1.2
FFmpeg,CVE-2020-22022,vul,n3.4.4
FFmpeg,CVE-2020-22030,pre,n3.4
FFmpeg,CVE-2020-22030,vul,n4.2.2
FFmpeg,CVE-2020-22030,vul,n4.1.5
FFmpeg,CVE-2020-22036,vul,n3.4.3
FFmpeg,CVE-2020-22036,vul,n4.2.2
FFmpeg,CVE-2020-22038,pre,n4.0
FFmpeg,CVE-2020-22038,vul,n4.3.6
FFmpeg,CVE-2020-22038,vul,n4.2.2
FFmpeg,CVE-2020-22039,pre,v0.5
FFmpeg,CVE-2020-22039,vul,n3.1.4
FFmpeg,CVE-2020-22039,vul,n3.3.2
FFmpeg,CVE-2020-22040,vul,n3.4.4
FFmpeg,CVE-2020-22040,vul,n4.2.2
FFmpeg,CVE-2020-22042,vul,n3.4.4
FFmpeg,CVE-2020-22042,vul,n4.2.7
FFmpeg,CVE-2020-22043,vul,n3.1.4
FFmpeg,CVE-2020-22043,vul,n4.2.10
FFmpeg,CVE-2020-22044,vul,n2.1.2
FFmpeg,CVE-2020-22044,vul,n2.8.1
FFmpeg,CVE-2020-22054,vul,n3.4.4
FFmpeg,CVE-2020-22054,vul,n4.2.2
linux,CVE-2020-24586,vul,v2.6.24
linux,CVE-2020-24586,vul,v3.12
linux,CVE-2020-25285,vul,v2.6.27
linux,CVE-2020-25285,vul,v3.8
linux,CVE-2020-25645,vul,v4.3
linux,CVE-2020-25645,vul,v4.14
linux,CVE-2020-25656,vul,v2.6.37
linux,CVE-2020-25656,vul,v5.2
ImageMagick,CVE-2020-25665,vul,7.0.7-39
ImageMagick,CVE-2020-25665,vul,7.0.7-4
linux,CVE-2020-25668,vul,v2.6.37
linux,CVE-2020-25668,vul,v3.5
linux,CVE-2020-25669,vul,v2.6.12
linux,CVE-2020-25669,vul,v2.6.19
linux,CVE-2020-25673,vul,v3.11
linux,CVE-2020-25673,vul,v4.13
ImageMagick,CVE-2020-25675,vul,7.0.7-39
ImageMagick,CVE-2020-25675,vul,7.0.8-43
wireshark,CVE-2020-25862,vul,v2.9.0
wireshark,CVE-2020-25862,vul,v2.4.0
wireshark,CVE-2020-25863,vul,v2.9.0
wireshark,CVE-2020-25866,vul,v3.2.4
linux,CVE-2020-26088,vul,v3.16
linux,CVE-2020-26088,vul,v4.2
linux,CVE-2020-26139,vul,v2.6.25
linux,CVE-2020-26139,vul,v3.14
wireshark,CVE-2020-26420,vul,v3.2.7
wireshark,CVE-2020-26421,vul,v1.10.8
wireshark,CVE-2020-26421,vul,v3.0.4
linux,CVE-2020-26555,vul,v3.19
linux,CVE-2020-26555,vul,v4.13
wireshark,CVE-2020-26575,vul,v2.9.0
wireshark,CVE-2020-26575,vul,v3.2.7
linux,CVE-2020-27066,vul,v2.6.35
linux,CVE-2020-27066,vul,v3.12
linux,CVE-2020-27067,vul,v2.6.35
linux,CVE-2020-27067,vul,v4.9
linux,CVE-2020-27170,pre,v5.8
linux,CVE-2020-27170,vul,v5.10
linux,CVE-2020-27170,vul,v5.11
linux,CVE-2020-27418,vul,v2.6.14
linux,CVE-2020-27418,vul,v2.6.24
ImageMagick,CVE-2020-27560,vul,7.0.7-39
ImageMagick,CVE-2020-27560,vul,7.0.7-17
linux,CVE-2020-27675,vul,v3.14
linux,CVE-2020-27675,vul,v5.4
ImageMagick,CVE-2020-27751,vul,7.0.7-39
ImageMagick,CVE-2020-27751,vul,7.0.7-17
ImageMagick,CVE-2020-27753,vul,7.0.7-39
ImageMagick,CVE-2020-27753,vul,7.0.8-4
ImageMagick,CVE-2020-27756,pre,7.0.7-1
ImageMagick,CVE-2020-27756,vul,7.0.7-39
ImageMagick,CVE-2020-27756,vul,7.0.7-23
ImageMagick,CVE-2020-27758,vul,7.0.7-39
ImageMagick,CVE-2020-27758,vul,7.0.1-9
ImageMagick,CVE-2020-27760,vul,7.0.7-39
ImageMagick,CVE-2020-27760,vul,7.0.2-10
ImageMagick,CVE-2020-27761,vul,7.0.7-39
ImageMagick,CVE-2020-27761,vul,7.0.7-4
ImageMagick,CVE-2020-27762,vul,7.0.7-39
ImageMagick,CVE-2020-27762,vul,7.0.7-23
ImageMagick,CVE-2020-27763,vul,7.0.7-39
ImageMagick,CVE-2020-27763,vul,7.0.8-19
ImageMagick,CVE-2020-27765,vul,7.0.7-39
ImageMagick,CVE-2020-27765,vul,7.0.7-4
ImageMagick,CVE-2020-27768,vul,7.0.7-39
ImageMagick,CVE-2020-27768,vul,7.0.8-60
ImageMagick,CVE-2020-27769,vul,7.0.7-39
ImageMagick,CVE-2020-27769,vul,7.0.7-17
ImageMagick,CVE-2020-27770,vul,7.0.7-39
ImageMagick,CVE-2020-27770,vul,7.0.1-2
ImageMagick,CVE-2020-27770,fix,7.0.10-54
ImageMagick,CVE-2020-27770,fix,7.1.1-41
ImageMagick,CVE-2020-27771,vul,7.0.7-39
ImageMagick,CVE-2020-27771,vul,7.0.8-55
linux,CVE-2020-27786,vul,v2.6.12
linux,CVE-2020-27786,vul,v2.6.28
linux,CVE-2020-27820,vul,v3.17
linux,CVE-2020-27820,vul,v4.20
openjpeg,CVE-2020-27823,vul,v2.1.2
openjpeg,CVE-2020-27823,vul,v2.3.0
openjpeg,CVE-2020-27842,vul,v2.3.0
openjpeg,CVE-2020-27843,vul,version.2.0
openjpeg,CVE-2020-27843,vul,v2.3.0
openjpeg,CVE-2020-27845,vul,version.2.0
openjpeg,CVE-2020-27845,vul,version.2.1
wireshark,CVE-2020-28030,vul,v3.0.2
wireshark,CVE-2020-28030,vul,v2.5.0
linux,CVE-2020-28097,vul,v2.6.24
linux,CVE-2020-28374,vul,v3.12
linux,CVE-2020-28374,vul,v4.9
linux,CVE-2020-29569,vul,v4.12
linux,CVE-2020-29569,vul,v4.13
linux,CVE-2020-29660,vul,v2.6.37
linux,CVE-2020-29660,vul,v4.5
linux,CVE-2020-35508,vul,v3.4
linux,CVE-2020-35508,vul,v4.9
linux,CVE-2020-35513,pre,v4.8
linux,CVE-2020-35513,vul,v4.10
linux,CVE-2020-35513,vul,v4.13
linux,CVE-2020-35519,vul,v2.6.12
linux,CVE-2020-35519,vul,v2.6.37
linux,CVE-2020-36312,vul,v4.11
linux,CVE-2020-36312,vul,v4.13
linux,CVE-2020-36385,vul,v2.6.25
linux,CVE-2020-36385,vul,v4.17
linux,CVE-2020-36386,vul,v2.6.14
linux,CVE-2020-36386,vul,v3.4
linux,CVE-2020-36558,vul,v2.6.37
linux,CVE-2020-36558,vul,v3.10
linux,CVE-2020-36784,vul,v4.5
linux,CVE-2020-36784,vul,v5.8
linux,CVE-2020-7053,pre,v4.11
linux,CVE-2020-7053,vul,v4.14
linux,CVE-2020-7053,vul,v4.19
curl,CVE-2020-8169,vul,curl-7_66_0
curl,CVE-2020-8169,vul,curl-7_65_1
curl,CVE-2020-8177,vul,curl-7_56_0
curl,CVE-2020-8177,vul,curl-7_40_0
curl,CVE-2020-8177,fix,curl-8_0_0
curl,CVE-2020-8177,fix,curl-8_17_0
curl,CVE-2020-8231,pre,curl-7_25_0
curl,CVE-2020-8231,vul,curl-7_56_0
curl,CVE-2020-8231,vul,curl-7_40_0
curl,CVE-2020-8284,vul,curl-7_65_3
curl,CVE-2020-8285,vul,curl-7_37_1
curl,CVE-2020-8285,vul,curl-7_50_1
curl,CVE-2020-8286,vul,curl-7_56_0
curl,CVE-2020-8286,vul,curl-7_70_0
linux,CVE-2020-8428,vul,v4.19
linux,CVE-2020-8428,vul,v5.4
linux,CVE-2020-8648,vul,v2.6.37
linux,CVE-2020-8648,vul,v3.12
linux,CVE-2020-9383,vul,v2.6.12
linux,CVE-2020-9383,vul,v2.6.34
linux,CVE-2020-9391,vul,v5.4
linux,CVE-2020-9391,vul,v5.5
wireshark,CVE-2020-9429,vul,v2.9.0
wireshark,CVE-2020-9429,vul,v3.2.0
wireshark,CVE-2020-9431,vul,v1.99.7
httpd,CVE-2020-9490,pre,2.4.19
httpd,CVE-2020-9490,vul,2.4.40
httpd,CVE-2020-9490,vul,2.4.43
linux,CVE-2021-0342,vul,v4.15
linux,CVE-2021-0342,vul,v4.19
linux,CVE-2021-0512,vul,v2.6.20
linux,CVE-2021-0512,vul,v3.5
linux,CVE-2021-0605,vul,v3.15
linux,CVE-2021-0605,vul,v4.11
linux,CVE-2021-0707,pre,v5.6
linux,CVE-2021-0707,vul,v5.8
linux,CVE-2021-0707,vul,v5.9
linux,CVE-2021-0920,vul,v2.6.12
linux,CVE-2021-0920,vul,v4.0
ImageMagick,CVE-2021-20176,vul,7.0.7-39
ImageMagick,CVE-2021-20176,vul,7.0.1-2
ImageMagick,CVE-2021-20224,vul,7.0.10-10
ImageMagick,CVE-2021-20224,vul,7.0.10-56
ImageMagick,CVE-2021-20241,vul,7.0.7-39
ImageMagick,CVE-2021-20241,vul,7.0.10-57
ImageMagick,CVE-2021-20244,vul,7.0.10-10
ImageMagick,CVE-2021-20244,vul,7.0.10-54
ImageMagick,CVE-2021-20245,vul,7.0.10-10
ImageMagick,CVE-2021-20245,vul,7.0.9-2
ImageMagick,CVE-2021-20246,vul,7.0.7-39
ImageMagick,CVE-2021-20246,vul,7.0.10-57
linux,CVE-2021-20261,vul,v2.6.12
linux,CVE-2021-20261,vul,v2.6.36
linux,CVE-2021-20292,vul,v3.3
linux,CVE-2021-20292,vul,v3.17
ImageMagick,CVE-2021-20309,vul,7.0.10-10
ImageMagick,CVE-2021-20309,vul,7.0.10-57
ImageMagick,CVE-2021-20311,pre,7.0.7-17
ImageMagick,CVE-2021-20311,vul,7.0.7-39
ImageMagick,CVE-2021-20311,vul,7.0.9-15
ImageMagick,CVE-2021-20312,vul,7.0.7-39
ImageMagick,CVE-2021-20312,vul,7.0.9-15
ImageMagick,CVE-2021-20313,pre,7.0.7-17
ImageMagick,CVE-2021-20313,vul,7.0.7-39
ImageMagick,CVE-2021-20313,vul,7.0.9-15
linux,CVE-2021-20317,vul,v2.6.38
linux,CVE-2021-20317,vul,v4.10
linux,CVE-2021-20320,vul,v4.1
linux,CVE-2021-20320,vul,v5.0
linux,CVE-2021-20321,vul,v4.10
linux,CVE-2021-20321,vul,v4.16
wireshark,CVE-2021-22207,pre,v2.0.1
wireshark,CVE-2021-22207,vul,v3.0.2
wireshark,CVE-2021-22207,vul,v2.0.8
wireshark,CVE-2021-22235,vul,v3.2.14
wireshark,CVE-2021-22235,vul,v3.4.6
linux,CVE-2021-22543,vul,v4.8
linux,CVE-2021-22543,vul,v5.9
linux,CVE-2021-22600,vul,v5.6
linux,CVE-2021-22600,vul,v5.9
curl,CVE-2021-22876,vul,curl-7_19_5
curl,CVE-2021-22876,vul,curl-7_66_0
curl,CVE-2021-22897,vul,curl-7_76_0
curl,CVE-2021-22897,vul,curl-7_75_0
curl,CVE-2021-22898,vul,curl-7_9_3
curl,CVE-2021-22898,vul,curl-7_52_0
curl,CVE-2021-22922,vul,curl-7_56_0
curl,CVE-2021-22922,vul,curl-7_48_0
curl,CVE-2021-22923,vul,curl-7_56_0
curl,CVE-2021-22923,vul,curl-7_48_0
curl,CVE-2021-22925,vul,curl-7_9_3
curl,CVE-2021-22925,vul,curl-7_52_0
curl,CVE-2021-22926,vul,curl-7_76_0
curl,CVE-2021-22926,vul,curl-7_72_0
linux,CVE-2021-26930,vul,v3.11
linux,CVE-2021-26931,vul,v3.0
linux,CVE-2021-26931,vul,v3.11
linux,CVE-2021-27363,vul,v2.6.15
linux,CVE-2021-27363,vul,v3.3
linux,CVE-2021-28038,vul,v3.15
linux,CVE-2021-28038,vul,v4.0
linux,CVE-2021-28660,vul,v3.12
linux,CVE-2021-28660,vul,v3.19
linux,CVE-2021-28691,vul,v5.5
linux,CVE-2021-28691,vul,v5.10
linux,CVE-2021-28711,vul,v2.6.23
linux,CVE-2021-28711,vul,v3.9
linux,CVE-2021-28713,vul,v2.6.38
linux,CVE-2021-28713,vul,v3.18
linux,CVE-2021-28951,vul,v5.10
linux,CVE-2021-28951,vul,v5.11
linux,CVE-2021-28951,fix,v5.12
linux,CVE-2021-28964,vul,v3.7
linux,CVE-2021-28964,vul,v4.2
linux,CVE-2021-29155,vul,v5.3
linux,CVE-2021-29264,pre,v4.6
linux,CVE-2021-29264,vul,v4.8
linux,CVE-2021-29264,vul,v4.16
openjpeg,CVE-2021-29338,vul,version.2.0
openjpeg,CVE-2021-29338,vul,v2.3.0
linux,CVE-2021-31916,vul,v2.6.12
linux,CVE-2021-31916,vul,v4.13
linux,CVE-2021-32606,vul,v5.11
linux,CVE-2021-32606,vul,v5.12
linux,CVE-2021-32606,fix,v6.5
linux,CVE-2021-33061,vul,v3.2
linux,CVE-2021-33061,vul,v4.3
linux,CVE-2021-33098,pre,v3.5
linux,CVE-2021-33098,vul,v3.8
linux,CVE-2021-33098,vul,v4.7
linux,CVE-2021-33656,vul,v2.6.37
linux,CVE-2021-33656,vul,v3.5
linux,CVE-2021-34693,vul,v2.6.25
linux,CVE-2021-34693,vul,v2.6.29
linux,CVE-2021-34866,vul,v5.8
linux,CVE-2021-34866,vul,v5.10
linux,CVE-2021-3493,vul,v2.6.32
linux,CVE-2021-3506,vul,v3.17
linux,CVE-2021-3506,vul,v4.6
linux,CVE-2021-3564,vul,v3.13
linux,CVE-2021-3564,vul,v4.8
linux,CVE-2021-3573,vul,v2.6.12
linux,CVE-2021-3573,vul,v3.4
linux,CVE-2021-3600,vul,v4.15
linux,CVE-2021-3600,vul,v4.20
linux,CVE-2021-3609,vul,v2.6.25
linux,CVE-2021-3609,vul,v4.8
linux,CVE-2021-3609,fix,v6.5
linux,CVE-2021-3609,fix,v6.15
ImageMagick,CVE-2021-3610,vul,7.0.10-10
ImageMagick,CVE-2021-3610,vul,7.0.9-27
linux,CVE-2021-3640,vul,v2.6.12
linux,CVE-2021-3640,vul,v2.6.35
linux,CVE-2021-3655,vul,v2.6.12
linux,CVE-2021-3655,vul,v3.15
linux,CVE-2021-3669,vul,v2.6.24
linux,CVE-2021-3669,vul,v3.14
linux,CVE-2021-3679,vul,v2.6.28
linux,CVE-2021-3679,vul,v2.6.32
linux,CVE-2021-3715,pre,v3.16
linux,CVE-2021-3715,vul,v3.18
linux,CVE-2021-3715,vul,v4.14
linux,CVE-2021-37159,vul,v2.6.27
linux,CVE-2021-37159,vul,v3.17
linux,CVE-2021-3732,vul,v3.18
linux,CVE-2021-3732,vul,v4.10
linux,CVE-2021-3739,vul,v4.20
linux,CVE-2021-3739,vul,v5.2
linux,CVE-2021-3752,vul,v3.8
FFmpeg,CVE-2021-38090,pre,n3.4
FFmpeg,CVE-2021-38090,vul,n4.1.10
FFmpeg,CVE-2021-38090,vul,n4.2.2
FFmpeg,CVE-2021-38091,pre,n3.4
FFmpeg,CVE-2021-38091,vul,n4.1.10
FFmpeg,CVE-2021-38091,vul,n4.2.2
FFmpeg,CVE-2021-38092,vul,n4.1.10
FFmpeg,CVE-2021-38092,vul,n3.2.12
FFmpeg,CVE-2021-38093,pre,n3.4
FFmpeg,CVE-2021-38093,vul,n4.1.10
FFmpeg,CVE-2021-38093,vul,n4.2.2
FFmpeg,CVE-2021-38094,pre,n3.4
FFmpeg,CVE-2021-38094,vul,n4.1.10
FFmpeg,CVE-2021-38094,vul,n4.2.2
linux,CVE-2021-38199,pre,v3.14
linux,CVE-2021-38199,vul,v4.8
linux,CVE-2021-38199,vul,v4.13
linux,CVE-2021-38205,vul,v3.2
linux,CVE-2021-38205,vul,v4.8
linux,CVE-2021-38206,pre,v5.5
linux,CVE-2021-38206,vul,v5.9
linux,CVE-2021-38206,vul,v5.11
linux,CVE-2021-38207,vul,v5.6
linux,CVE-2021-38207,vul,v5.7
ImageMagick,CVE-2021-39212,pre,7.0.7-23
ImageMagick,CVE-2021-3962,pre,7.1.0-10
ImageMagick,CVE-2021-3962,vul,7.1.0-13
ImageMagick,CVE-2021-3962,vul,7.1.0-12
linux,CVE-2021-39634,vul,v3.4
linux,CVE-2021-39657,vul,v3.16
linux,CVE-2021-39657,vul,v4.11
linux,CVE-2021-39685,vul,v2.6.27
linux,CVE-2021-39685,vul,v4.2
wireshark,CVE-2021-39922,vul,v1.10.8
wireshark,CVE-2021-39922,vul,v1.8.12
wireshark,CVE-2021-39923,vul,v1.10.8
wireshark,CVE-2021-39923,vul,wireshark-1.4.5
wireshark,CVE-2021-39924,vul,v1.10.8
wireshark,CVE-2021-39924,vul,v1.8.12
wireshark,CVE-2021-39924,fix,v4.6.0
wireshark,CVE-2021-39925,vul,v1.10.8
wireshark,CVE-2021-39928,vul,v3.0.2
wireshark,CVE-2021-39928,vul,v3.4.2
linux,CVE-2021-4002,vul,v3.6
linux,CVE-2021-4002,vul,v4.5
linux,CVE-2021-4028,pre,v4.2
linux,CVE-2021-4028,vul,v5.10
linux,CVE-2021-4028,vul,v5.11
httpd,CVE-2021-40438,pre,2.4.7
httpd,CVE-2021-40438,vul,2.4.40
httpd,CVE-2021-40438,vul,2.4.48
linux,CVE-2021-4083,vul,v5.6
linux,CVE-2021-4083,vul,v5.11
linux,CVE-2021-4095,vul,v5.12
linux,CVE-2021-4095,vul,v5.15
linux,CVE-2021-4148,vul,v5.4
linux,CVE-2021-4149,vul,v4.11
linux,CVE-2021-4159,vul,v4.14
linux,CVE-2021-4159,vul,v4.19
wireshark,CVE-2021-4181,vul,v3.4.9
wireshark,CVE-2021-4182,vul,v3.0.2
wireshark,CVE-2021-4182,vul,v2.9.0
wireshark,CVE-2021-4186,vul,v3.4.9
wireshark,CVE-2021-4186,vul,v3.5.0
linux,CVE-2021-4203,pre,v2.6.34
linux,CVE-2021-4203,vul,v2.6.36
linux,CVE-2021-4203,vul,v4.10
ImageMagick,CVE-2021-4219,pre,7.0.9-18
ImageMagick,CVE-2021-4219,vul,7.0.10-33
ImageMagick,CVE-2021-4219,vul,7.1.0-1
linux,CVE-2021-42327,vul,v5.10
linux,CVE-2021-42327,vul,v5.13
linux,CVE-2021-44733,vul,v4.12
linux,CVE-2021-44733,vul,v5.4
linux,CVE-2021-44879,vul,v3.8
linux,CVE-2021-44879,vul,v4.9
linux,CVE-2021-45095,vul,v4.2
linux,CVE-2021-45402,pre,v5.3
linux,CVE-2021-45402,vul,v5.10
linux,CVE-2021-45469,vul,v3.13
linux,CVE-2021-45469,vul,v4.10
linux,CVE-2021-45485,vul,v3.19
linux,CVE-2021-45485,vul,v4.1
linux,CVE-2021-45486,vul,v3.16
linux,CVE-2021-45486,vul,v4.14
linux,CVE-2021-45868,vul,v2.6.30
linux,CVE-2021-45868,vul,v2.6.36
linux,CVE-2021-46283,vul,v5.7
linux,CVE-2021-46283,vul,v5.11
linux,CVE-2021-46906,vul,v2.6.22
linux,CVE-2021-46906,vul,v2.6.34
linux,CVE-2021-46913,vul,v5.7
linux,CVE-2021-46913,vul,v5.9
linux,CVE-2021-46915,vul,v4.13
linux,CVE-2021-46915,vul,v4.17
linux,CVE-2021-46924,vul,v3.16
linux,CVE-2021-46924,vul,v4.5
linux,CVE-2021-46928,vul,v2.6.12
linux,CVE-2021-46928,vul,v4.2
linux,CVE-2021-46931,vul,v5.9
linux,CVE-2021-46932,vul,v2.6.23
linux,CVE-2021-46932,vul,v2.6.28
linux,CVE-2021-46933,pre,v3.17
linux,CVE-2021-46933,vul,v4.0
linux,CVE-2021-46933,vul,v4.1
linux,CVE-2021-46935,vul,v4.14
linux,CVE-2021-46935,vul,v4.15
linux,CVE-2021-46961,vul,v5.1
linux,CVE-2021-46961,vul,v5.4
linux,CVE-2021-46963,vul,v5.5
linux,CVE-2021-46963,vul,v5.6
linux,CVE-2021-46971,vul,v5.4
linux,CVE-2021-46971,vul,v5.8
linux,CVE-2021-46972,pre,v5.7
linux,CVE-2021-46972,vul,v5.8
linux,CVE-2021-46972,vul,v5.10
linux,CVE-2021-46978,pre,v5.9
linux,CVE-2021-46978,vul,v5.11
linux,CVE-2021-46978,vul,v5.12
linux,CVE-2021-46982,vul,v5.6
linux,CVE-2021-46982,vul,v5.8
linux,CVE-2021-46991,vul,v4.17
linux,CVE-2021-46994,pre,v5.3
linux,CVE-2021-46994,vul,v5.5
linux,CVE-2021-46994,vul,v5.10
linux,CVE-2021-46996,vul,v5.10
linux,CVE-2021-46996,vul,v5.12
linux,CVE-2021-46998,pre,v4.11
linux,CVE-2021-46998,vul,v4.16
linux,CVE-2021-46998,vul,v5.2
linux,CVE-2021-47001,pre,v5.3
linux,CVE-2021-47001,vul,v5.5
linux,CVE-2021-47001,vul,v5.7
linux,CVE-2021-47004,vul,v4.20
linux,CVE-2021-47004,vul,v5.4
linux,CVE-2021-47005,vul,v5.1
linux,CVE-2021-47005,vul,v5.7
linux,CVE-2021-47010,vul,v4.15
linux,CVE-2021-47010,vul,v5.6
linux,CVE-2021-47013,vul,v4.9
linux,CVE-2021-47013,vul,v5.8
linux,CVE-2021-47014,vul,v5.8
linux,CVE-2021-47014,vul,v5.9
linux,CVE-2021-47015,pre,v4.20
linux,CVE-2021-47015,vul,v5.1
linux,CVE-2021-47015,vul,v5.5
linux,CVE-2021-47016,pre,v3.14
linux,CVE-2021-47016,vul,v5.2
linux,CVE-2021-47016,vul,v5.11
linux,CVE-2021-47024,pre,v4.15
linux,CVE-2021-47024,vul,v5.2
linux,CVE-2021-47024,vul,v5.6
linux,CVE-2021-47036,vul,v5.6
linux,CVE-2021-47036,vul,v5.7
linux,CVE-2021-47043,vul,v5.5
linux,CVE-2021-47043,vul,v5.8
linux,CVE-2021-47056,vul,v4.7
linux,CVE-2021-47056,vul,v5.1
linux,CVE-2021-47060,pre,v5.1
linux,CVE-2021-47060,vul,v5.9
linux,CVE-2021-47060,vul,v5.10
linux,CVE-2021-47061,vul,v5.9
linux,CVE-2021-47061,vul,v5.10
linux,CVE-2021-47067,vul,v5.5
linux,CVE-2021-47067,vul,v5.6
linux,CVE-2021-47071,pre,v4.17
linux,CVE-2021-47071,vul,v4.20
linux,CVE-2021-47071,vul,v5.11
linux,CVE-2021-47078,vul,v4.8
linux,CVE-2021-47078,vul,v4.17
linux,CVE-2021-47090,vul,v5.10
linux,CVE-2021-47090,vul,v5.14
linux,CVE-2021-47109,vul,v5.0
linux,CVE-2021-47110,vul,v2.6.26
linux,CVE-2021-47110,vul,v3.10
linux,CVE-2021-47112,vul,v4.15
linux,CVE-2021-47113,vul,v4.7
linux,CVE-2021-47113,vul,v4.19
linux,CVE-2021-47117,vul,v3.0
linux,CVE-2021-47117,vul,v3.12
linux,CVE-2021-47119,pre,v2.6.24
linux,CVE-2021-47119,vul,v3.19
linux,CVE-2021-47121,vul,v3.3
linux,CVE-2021-47121,vul,v3.10
linux,CVE-2021-47122,vul,v3.3
linux,CVE-2021-47122,vul,v3.11
linux,CVE-2021-47126,vul,v5.3
linux,CVE-2021-47126,vul,v5.7
linux,CVE-2021-47138,vul,v5.2
linux,CVE-2021-47138,vul,v5.6
linux,CVE-2021-47139,pre,v5.2
linux,CVE-2021-47139,vul,v5.6
linux,CVE-2021-47139,vul,v5.11
linux,CVE-2021-47150,vul,v3.18
linux,CVE-2021-47150,vul,v4.9
linux,CVE-2021-47153,pre,v3.4
linux,CVE-2021-47153,vul,v3.6
linux,CVE-2021-47161,vul,v4.10
linux,CVE-2021-47161,vul,v5.1
linux,CVE-2021-47162,pre,v4.1
linux,CVE-2021-47162,vul,v4.3
linux,CVE-2021-47162,vul,v5.5
linux,CVE-2021-47166,pre,v3.16
linux,CVE-2021-47166,vul,v4.0
linux,CVE-2021-47166,vul,v4.2
linux,CVE-2021-47167,pre,v3.16
linux,CVE-2021-47167,vul,v4.0
linux,CVE-2021-47167,vul,v5.1
linux,CVE-2021-47169,vul,v3.9
linux,CVE-2021-47169,vul,v4.18
linux,CVE-2022-0001,vul,v4.20
ImageMagick,CVE-2022-0284,vul,7.0.10-10
ImageMagick,CVE-2022-0284,vul,7.1.0-17
linux,CVE-2022-0435,vul,v4.8
linux,CVE-2022-0435,vul,v5.0
linux,CVE-2022-0487,vul,v3.16
linux,CVE-2022-0487,vul,v5.10
linux,CVE-2022-0494,vul,v5.7
linux,CVE-2022-0494,vul,v5.13
wireshark,CVE-2022-0581,vul,v1.10.8
wireshark,CVE-2022-0581,vul,wireshark-0.99.7
wireshark,CVE-2022-0582,vul,v1.10.8
wireshark,CVE-2022-0582,vul,v1.99.5
wireshark,CVE-2022-0583,vul,v1.10.8
wireshark,CVE-2022-0583,vul,v1.12.10
wireshark,CVE-2022-0586,vul,v1.10.8
wireshark,CVE-2022-0586,vul,v1.8.6
linux,CVE-2022-1011,vul,v2.6.35
linux,CVE-2022-1011,vul,v4.6
linux,CVE-2022-1012,vul,v2.6.16
linux,CVE-2022-1012,vul,v3.9
linux,CVE-2022-1016,vul,v4.7
linux,CVE-2022-1016,fix,v6.12
linux,CVE-2022-1048,vul,v2.6.12
linux,CVE-2022-1048,vul,v3.7
linux,CVE-2022-1055,pre,v4.20
linux,CVE-2022-1055,vul,v5.1
linux,CVE-2022-1055,vul,v5.5
ImageMagick,CVE-2022-1114,vul,7.1.0-16
ImageMagick,CVE-2022-1114,vul,7.1.0-20
linux,CVE-2022-1184,vul,v2.6.19
linux,CVE-2022-1184,vul,v3.5
linux,CVE-2022-1198,vul,v4.15
linux,CVE-2022-1204,vul,v2.6.12
linux,CVE-2022-1204,vul,v4.2
linux,CVE-2022-1263,vul,v5.11
linux,CVE-2022-1353,vul,v2.6.12
linux,CVE-2022-1353,vul,v2.6.39
linux,CVE-2022-1419,vul,v4.1
linux,CVE-2022-1419,vul,v4.13
linux,CVE-2022-1508,pre,v5.9
linux,CVE-2022-1508,vul,v5.11
linux,CVE-2022-1508,vul,v5.12
linux,CVE-2022-1652,vul,v2.6.12
linux,CVE-2022-1652,vul,v4.5
linux,CVE-2022-1679,vul,v2.6.35
linux,CVE-2022-1679,vul,v2.6.38
linux,CVE-2022-1729,pre,v3.16
linux,CVE-2022-1729,vul,v4.0
linux,CVE-2022-1729,vul,v4.14
linux,CVE-2022-1734,vul,v4.4
linux,CVE-2022-1734,vul,v4.13
linux,CVE-2022-1852,vul,v5.12
linux,CVE-2022-1852,vul,v5.17
linux,CVE-2022-1943,vul,v5.15
linux,CVE-2022-1943,vul,v5.16
linux,CVE-2022-1998,vul,v5.13
linux,CVE-2022-1998,vul,v5.15
linux,CVE-2022-20132,vul,v4.17
linux,CVE-2022-20148,vul,v4.13
linux,CVE-2022-20158,pre,v2.6.12
linux,CVE-2022-20158,vul,v2.6.14
linux,CVE-2022-20158,vul,v3.5
linux,CVE-2022-20368,pre,v2.6.12
linux,CVE-2022-20368,vul,v2.6.14
linux,CVE-2022-20368,vul,v3.5
linux,CVE-2022-20422,vul,v3.19
linux,CVE-2022-20422,vul,v4.18
linux,CVE-2022-20565,vul,v3.5
linux,CVE-2022-21385,vul,v4.1
linux,CVE-2022-2196,pre,v5.6
linux,CVE-2022-2196,vul,v5.8
linux,CVE-2022-2196,vul,v5.14
curl,CVE-2022-22576,pre,curl-7_32_0
curl,CVE-2022-22576,vul,curl-7_56_0
curl,CVE-2022-22576,vul,curl-7_40_0
linux,CVE-2022-22942,vul,v4.14
linux,CVE-2022-22942,vul,v5.2
linux,CVE-2022-23036,vul,v2.6.23
linux,CVE-2022-23036,vul,v3.5
linux,CVE-2022-23037,vul,v2.6.23
linux,CVE-2022-23037,vul,v3.16
linux,CVE-2022-23039,vul,v2.6.39
linux,CVE-2022-23039,vul,v3.17
linux,CVE-2022-23042,vul,v2.6.23
linux,CVE-2022-23042,vul,v3.13
linux,CVE-2022-24448,vul,v3.6
linux,CVE-2022-24448,vul,v3.18
linux,CVE-2022-24958,vul,v3.17
linux,CVE-2022-24958,vul,v4.10
linux,CVE-2022-25258,vul,v3.16
linux,CVE-2022-25258,vul,v4.7
linux,CVE-2022-2588,vul,v3.18
linux,CVE-2022-26373,vul,v4.15
linux,CVE-2022-26373,vul,v5.2
linux,CVE-2022-26966,vul,v3.12
linux,CVE-2022-26966,vul,v5.1
curl,CVE-2022-27774,vul,curl-7_37_1
curl,CVE-2022-27774,vul,curl-7_78_0
curl,CVE-2022-27775,pre,curl-7_63_0
curl,CVE-2022-27775,vul,curl-7_76_0
curl,CVE-2022-27775,vul,curl-7_79_0
curl,CVE-2022-27776,vul,curl-7_80_0
curl,CVE-2022-27780,pre,curl-7_71_0
curl,CVE-2022-27780,vul,curl-7_80_0
curl,CVE-2022-27780,vul,curl-7_82_0
curl,CVE-2022-27782,vul,curl-7_19_5
curl,CVE-2022-27782,vul,curl-7_47_1
linux,CVE-2022-2785,vul,v5.18
linux,CVE-2022-2785,vul,v5.19
linux,CVE-2022-27950,vul,v5.15
linux,CVE-2022-27950,vul,v5.16
linux,CVE-2022-28356,vul,v2.6.12
linux,CVE-2022-28356,vul,v2.6.38
linux,CVE-2022-28388,vul,v3.9
linux,CVE-2022-28388,vul,v5.11
linux,CVE-2022-28389,vul,v4.12
linux,CVE-2022-28389,vul,v5.11
linux,CVE-2022-28390,vul,v2.6.32
linux,CVE-2022-28390,vul,v4.5
ImageMagick,CVE-2022-28463,vul,7.0.7-39
ImageMagick,CVE-2022-28463,vul,7.0.7-18
linux,CVE-2022-2873,vul,v5.11
linux,CVE-2022-2873,vul,v5.18
linux,CVE-2022-29156,pre,v5.8
linux,CVE-2022-29156,vul,v5.12
linux,CVE-2022-29156,vul,v5.13
linux,CVE-2022-29581,vul,v4.14
linux,CVE-2022-29581,vul,v5.1
linux,CVE-2022-2964,vul,v3.9
linux,CVE-2022-2964,vul,v5.4
linux,CVE-2022-2978,vul,v2.6.29
linux,CVE-2022-2978,vul,v3.19
linux,CVE-2022-2991,vul,v4.19
linux,CVE-2022-30594,vul,v4.3
linux,CVE-2022-30594,vul,v4.10
linux,CVE-2022-3077,pre,v4.16
linux,CVE-2022-3077,vul,v5.11
linux,CVE-2022-3077,vul,v5.18
linux,CVE-2022-3104,vul,v5.7
linux,CVE-2022-3104,vul,v5.9
linux,CVE-2022-3107,vul,v4.19
linux,CVE-2022-3107,vul,v5.6
linux,CVE-2022-3108,vul,v4.16
linux,CVE-2022-3108,vul,v4.20
FFmpeg,CVE-2022-3109,vul,n3.1.4
FFmpeg,CVE-2022-3109,vul,n1.1.2
linux,CVE-2022-3110,vul,v5.15
linux,CVE-2022-3110,vul,v5.16
httpd,CVE-2022-31813,vul,2.4.40
httpd,CVE-2022-31813,vul,2.4.51
linux,CVE-2022-3202,vul,v2.6.36
linux,CVE-2022-3202,vul,v4.20
curl,CVE-2022-32205,pre,curl-7_69_0
curl,CVE-2022-32205,vul,curl-7_78_0
curl,CVE-2022-32205,vul,curl-7_76_0
curl,CVE-2022-32207,vul,curl-7_76_0
curl,CVE-2022-32207,vul,curl-7_79_0
curl,CVE-2022-32208,vul,curl-7_19_5
curl,CVE-2022-32208,vul,curl-7_23_0
linux,CVE-2022-3239,vul,v3.15
ImageMagick,CVE-2022-32545,vul,7.0.7-39
ImageMagick,CVE-2022-32545,vul,7.0.6-2
ImageMagick,CVE-2022-32547,vul,7.0.7-39
ImageMagick,CVE-2022-32547,vul,7.0.8-40
FFmpeg,CVE-2022-3341,vul,v0.5.1
linux,CVE-2022-33740,vul,v5.9
linux,CVE-2022-33741,vul,v2.6.23
linux,CVE-2022-33741,vul,v3.17
linux,CVE-2022-3424,vul,v2.6.33
linux,CVE-2022-3424,vul,v4.10
linux,CVE-2022-3522,vul,v3.13
linux,CVE-2022-3524,vul,v2.6.17
linux,CVE-2022-3524,vul,v3.13
curl,CVE-2022-35252,vul,curl-7_9_3
curl,CVE-2022-35252,vul,curl-7_52_0
curl,CVE-2022-35260,vul,curl-7_85_0
curl,CVE-2022-35260,vul,curl-7_84_0
linux,CVE-2022-3564,vul,v3.6
linux,CVE-2022-3564,vul,v3.13
linux,CVE-2022-3565,vul,v2.6.27
linux,CVE-2022-3565,vul,v2.6.39
linux,CVE-2022-3577,vul,v4.20
linux,CVE-2022-3577,vul,v5.6
linux,CVE-2022-3586,vul,v2.6.39
linux,CVE-2022-3586,vul,v3.18
linux,CVE-2022-3619,vul,v5.12
linux,CVE-2022-3619,vul,v5.13
linux,CVE-2022-3621,vul,v2.6.30
linux,CVE-2022-3621,vul,v3.2
linux,CVE-2022-36280,vul,v3.2
linux,CVE-2022-36280,vul,v4.3
linux,CVE-2022-36402,vul,v4.3
linux,CVE-2022-36402,vul,v5.2
linux,CVE-2022-3643,pre,v3.17
linux,CVE-2022-3643,vul,v3.19
linux,CVE-2022-3643,vul,v5.0
FFmpeg,CVE-2022-3964,vul,n4.4.2
linux,CVE-2022-40982,vul,v2.6.24
linux,CVE-2022-40982,vul,v5.3
linux,CVE-2022-42432,vul,v5.2
linux,CVE-2022-42432,vul,v5.7
linux,CVE-2022-42703,pre,v3.18
linux,CVE-2022-42703,vul,v3.19
linux,CVE-2022-42703,vul,v4.14
linux,CVE-2022-42720,vul,v5.1
linux,CVE-2022-42720,vul,v5.11
linux,CVE-2022-42722,vul,v5.8
linux,CVE-2022-42722,vul,v5.16
linux,CVE-2022-42895,vul,v3.13
curl,CVE-2022-42915,vul,curl-7_85_0
curl,CVE-2022-42915,vul,curl-7_81_0
curl,CVE-2022-42916,vul,curl-7_74_0
curl,CVE-2022-42916,vul,curl-7_83_0
curl,CVE-2022-43552,vul,curl-7_84_0
linux,CVE-2022-4378,pre,v5.2
linux,CVE-2022-4378,vul,v5.8
linux,CVE-2022-4378,vul,v5.19
linux,CVE-2022-4379,vul,v5.6
linux,CVE-2022-4379,vul,v5.13
linux,CVE-2022-4382,pre,v4.6
linux,CVE-2022-4382,vul,v5.3
linux,CVE-2022-4382,vul,v5.10
linux,CVE-2022-45869,vul,v5.12
linux,CVE-2022-45869,vul,v5.16
linux,CVE-2022-45934,vul,v2.6.39
linux,CVE-2022-45934,vul,v3.8
linux,CVE-2022-4696,vul,v5.10
linux,CVE-2022-4696,vul,v5.11
linux,CVE-2022-47940,vul,v5.15
linux,CVE-2022-47940,vul,v5.16
linux,CVE-2022-47940,fix,v6.0
linux,CVE-2022-47940,fix,v6.1
linux,CVE-2022-47941,vul,v5.15
linux,CVE-2022-47941,vul,v5.16
linux,CVE-2022-47942,vul,v5.15
linux,CVE-2022-47942,vul,v5.17
linux,CVE-2022-47943,vul,v5.15
linux,CVE-2022-47943,vul,v5.17
linux,CVE-2022-48425,vul,v6.0
linux,CVE-2022-48627,vul,v3.7
linux,CVE-2022-48627,vul,v4.19
linux,CVE-2023-0030,vul,v4.15
linux,CVE-2023-0030,vul,v4.16
linux,CVE-2023-0590,vul,v2.6.32
linux,CVE-2023-0590,vul,v4.16
linux,CVE-2023-1073,vul,v3.16
linux,CVE-2023-1073,vul,v6.1
linux,CVE-2023-1192,vul,v6.0
linux,CVE-2023-1195,vul,v5.16
linux,CVE-2023-1195,vul,v5.17
linux,CVE-2023-1249,vul,v3.7
linux,CVE-2023-1249,vul,v4.18
linux,CVE-2023-1252,vul,v5.6
linux,CVE-2023-1252,vul,v5.8
linux,CVE-2023-1281,pre,v4.9
linux,CVE-2023-1281,vul,v4.14
linux,CVE-2023-1281,vul,v5.1
linux,CVE-2023-1390,vul,v4.3
linux,CVE-2023-1390,vul,v5.0
linux,CVE-2023-1513,vul,v2.6.37
linux,CVE-2023-1611,vul,v3.6
linux,CVE-2023-1611,vul,v4.7
linux,CVE-2023-1998,vul,v5.19
linux,CVE-2023-1998,vul,v6.0
linux,CVE-2023-2006,vul,v5.10
linux,CVE-2023-2006,vul,v5.16
linux,CVE-2023-2008,vul,v4.20
linux,CVE-2023-2008,vul,v5.0
linux,CVE-2023-2019,pre,v5.6
linux,CVE-2023-2019,vul,v5.12
linux,CVE-2023-2019,vul,v5.13
linux,CVE-2023-20588,vul,v3.17
linux,CVE-2023-21255,pre,v5.13
linux,CVE-2023-21255,vul,v5.16
linux,CVE-2023-21255,vul,v6.0
linux,CVE-2023-21264,vul,v5.17
linux,CVE-2023-21264,vul,v6.1
linux,CVE-2023-2162,vul,v4.17
linux,CVE-2023-2176,vul,v2.6.18
linux,CVE-2023-2176,vul,v4.3
linux,CVE-2023-2177,pre,v4.13
linux,CVE-2023-2177,vul,v4.15
linux,CVE-2023-2177,vul,v5.1
linux,CVE-2023-2248,vul,v3.7
linux,CVE-2023-2248,vul,v4.14
linux,CVE-2023-22999,vul,v5.12
linux,CVE-2023-22999,vul,v5.13
linux,CVE-2023-23000,vul,v4.14
linux,CVE-2023-23000,vul,v4.15
linux,CVE-2023-23002,vul,v5.7
linux,CVE-2023-23002,vul,v5.10
linux,CVE-2023-23006,vul,v5.4
linux,CVE-2023-23006,vul,v5.7
linux,CVE-2023-23455,pre,v2.6.12
linux,CVE-2023-23455,vul,v2.6.23
linux,CVE-2023-23455,vul,v3.5
linux,CVE-2023-23559,pre,v2.6.33
linux,CVE-2023-23559,vul,v2.6.35
linux,CVE-2023-23559,vul,v3.5
curl,CVE-2023-23915,pre,curl-7_76_0
curl,CVE-2023-23915,vul,curl-7_85_0
curl,CVE-2023-23915,vul,curl-7_86_0
linux,CVE-2023-2483,vul,v4.9
linux,CVE-2023-2483,vul,v4.10
linux,CVE-2023-25012,pre,v4.20
linux,CVE-2023-25012,vul,v5.6
linux,CVE-2023-25012,vul,v5.16
linux,CVE-2023-2513,vul,v2.6.19
linux,CVE-2023-2513,vul,v4.10
linux,CVE-2023-25775,vul,v5.14
linux,CVE-2023-25775,vul,v5.18
curl,CVE-2023-27533,vul,curl-7_9_3
curl,CVE-2023-27533,vul,curl-7_18_0
curl,CVE-2023-27534,vul,curl-7_84_0
curl,CVE-2023-27534,vul,curl-7_80_0
curl,CVE-2023-27535,vul,curl-7_49_1
curl,CVE-2023-27536,pre,curl-7_21_7
curl,CVE-2023-27536,vul,curl-7_37_1
curl,CVE-2023-27536,vul,curl-7_55_0
curl,CVE-2023-28319,vul,curl-7_85_0
curl,CVE-2023-28319,vul,curl-7_83_0
curl,CVE-2023-28321,vul,curl-7_84_0
linux,CVE-2023-28466,vul,v5.19
linux,CVE-2023-2985,vul,v2.6.12
linux,CVE-2023-2985,vul,v2.6.38
linux,CVE-2023-3006,vul,v5.17
linux,CVE-2023-3006,vul,v5.18
linux,CVE-2023-30456,vul,v5.2
linux,CVE-2023-30456,vul,v5.5
linux,CVE-2023-3106,pre,v2.6.29
linux,CVE-2023-3106,vul,v3.15
linux,CVE-2023-3106,vul,v4.3
linux,CVE-2023-31248,vul,v5.9
linux,CVE-2023-31248,vul,v5.15
linux,CVE-2023-3141,vul,v2.6.39
linux,CVE-2023-3141,vul,v4.2
linux,CVE-2023-31436,vul,v4.14
ImageMagick,CVE-2023-3195,pre,7.0.9-0
ImageMagick,CVE-2023-3195,vul,7.0.10-10
ImageMagick,CVE-2023-3195,vul,7.0.11-9
linux,CVE-2023-32233,vul,v5.1
linux,CVE-2023-3268,pre,v2.6.17
linux,CVE-2023-3268,vul,v2.6.22
linux,CVE-2023-3268,vul,v5.8
linux,CVE-2023-33203,vul,v4.9
linux,CVE-2023-33203,vul,v4.10
linux,CVE-2023-3338,vul,v4.2
ImageMagick,CVE-2023-34474,vul,7.0.10-10
ImageMagick,CVE-2023-34474,vul,7.1.0-17
ImageMagick,CVE-2023-34475,vul,7.0.10-10
ImageMagick,CVE-2023-34475,vul,7.1.0-17
linux,CVE-2023-35001,vul,v3.13
linux,CVE-2023-35001,vul,v5.1
linux,CVE-2023-35827,vul,v4.2
linux,CVE-2023-35827,vul,v4.9
linux,CVE-2023-35828,vul,v4.19
linux,CVE-2023-35828,vul,v6.1
linux,CVE-2023-3609,pre,v4.9
linux,CVE-2023-3609,vul,v4.14
linux,CVE-2023-3609,vul,v5.1
ImageMagick,CVE-2023-3745,vul,7.0.9-27
ImageMagick,CVE-2023-3745,vul,7.0.9-23
linux,CVE-2023-3772,vul,v2.6.39
linux,CVE-2023-3772,vul,v3.6
linux,CVE-2023-3777,pre,v4.19
linux,CVE-2023-3777,vul,v5.9
linux,CVE-2023-3777,vul,v5.14
curl,CVE-2023-38039,pre,curl-7_83_0
curl,CVE-2023-38039,vul,curl-7_85_0
curl,CVE-2023-38039,vul,curl-7_88_0
curl,CVE-2023-38545,vul,curl-8_0_0
curl,CVE-2023-38545,vul,curl-8_2_1
curl,CVE-2023-38546,pre,curl-7_9
curl,CVE-2023-38546,vul,curl-7_9_3
curl,CVE-2023-38546,vul,curl-7_76_0
linux,CVE-2023-39194,vul,v3.15
linux,CVE-2023-39194,vul,v4.12
linux,CVE-2023-39197,vul,v2.6.26
linux,CVE-2023-39197,vul,v4.11
linux,CVE-2023-40283,vul,v2.6.39
linux,CVE-2023-40283,vul,v5.7
linux,CVE-2023-4147,pre,v5.4
linux,CVE-2023-4147,vul,v5.9
linux,CVE-2023-4147,vul,v5.15
linux,CVE-2023-4194,vul,v6.3
linux,CVE-2023-4194,vul,v6.4
linux,CVE-2023-4206,vul,v3.18
linux,CVE-2023-4206,vul,v4.18
linux,CVE-2023-4207,vul,v3.18
linux,CVE-2023-4207,vul,v4.16
linux,CVE-2023-4273,vul,v5.7
linux,CVE-2023-4273,vul,v5.13
linux,CVE-2023-42752,pre,v2.6.36
linux,CVE-2023-42752,vul,v2.6.38
linux,CVE-2023-42752,vul,v3.16
linux,CVE-2023-4387,vul,v4.4
linux,CVE-2023-4387,vul,v5.15
curl,CVE-2023-46218,vul,curl-7_56_0
curl,CVE-2023-46218,vul,curl-7_60_0
curl,CVE-2023-46219,vul,curl-7_85_0
curl,CVE-2023-46219,vul,curl-7_88_0
linux,CVE-2023-4623,vul,v2.6.12
linux,CVE-2023-4623,vul,v3.18
linux,CVE-2023-4921,vul,v3.8
linux,CVE-2023-4921,vul,v3.11
linux,CVE-2023-51780,vul,v2.6.29
linux,CVE-2023-51780,vul,v3.5
linux,CVE-2023-5197,pre,v5.5
linux,CVE-2023-5197,vul,v5.9
linux,CVE-2023-5197,vul,v5.18
linux,CVE-2023-52340,vul,v2.6.12
linux,CVE-2023-52340,vul,v3.2
linux,CVE-2023-52429,vul,v2.6.12
linux,CVE-2023-52429,vul,v3.9
linux,CVE-2023-52434,vul,v6.4
linux,CVE-2023-52434,vul,v6.6
linux,CVE-2023-52435,vul,v4.8
linux,CVE-2023-52435,vul,v4.18
linux,CVE-2023-52439,pre,v4.2
linux,CVE-2023-52439,vul,v4.18
linux,CVE-2023-52439,vul,v5.1
linux,CVE-2023-52443,vul,v4.11
linux,CVE-2023-52443,vul,v5.8
linux,CVE-2023-52444,vul,v4.2
linux,CVE-2023-52444,vul,v4.17
linux,CVE-2023-52454,vul,v5.0
linux,CVE-2023-52454,vul,v5.9
linux,CVE-2023-52456,vul,v5.9
linux,CVE-2023-52456,vul,v5.18
linux,CVE-2023-52457,vul,v6.1
linux,CVE-2023-52457,vul,v6.5
linux,CVE-2023-52458,vul,v5.6
linux,CVE-2023-52458,vul,v5.11
linux,CVE-2023-52467,vul,v5.9
linux,CVE-2023-52467,vul,v5.15
linux,CVE-2023-52470,vul,v3.16
linux,CVE-2023-52470,vul,v4.8
linux,CVE-2023-52473,vul,v6.4
linux,CVE-2023-52473,vul,v6.5
linux,CVE-2023-52478,vul,v3.19
linux,CVE-2023-52478,vul,v4.6
linux,CVE-2023-52489,vul,v5.7
linux,CVE-2023-52491,vul,v5.18
linux,CVE-2023-52491,vul,v6.2
linux,CVE-2023-52500,vul,v3.10
linux,CVE-2023-52500,vul,v5.11
linux,CVE-2023-52507,vul,v3.2
linux,CVE-2023-52507,vul,v3.5
linux,CVE-2023-52512,vul,v5.18
linux,CVE-2023-52512,vul,v6.1
linux,CVE-2023-52520,vul,v5.14
linux,CVE-2023-52520,vul,v5.17
linux,CVE-2023-52522,pre,v2.6.32
linux,CVE-2023-52522,vul,v2.6.37
linux,CVE-2023-52522,vul,v3.19
linux,CVE-2023-52526,vul,v6.1
linux,CVE-2023-52526,vul,v6.3
linux,CVE-2023-52527,vul,v3.5
linux,CVE-2023-52527,vul,v4.8
linux,CVE-2023-52529,vul,v5.14
linux,CVE-2023-52529,vul,v5.16
linux,CVE-2023-52530,pre,v4.10
linux,CVE-2023-52530,vul,v4.14
linux,CVE-2023-52530,vul,v5.4
linux,CVE-2023-52569,vul,v3.0
linux,CVE-2023-52569,vul,v4.10
linux,CVE-2023-52573,pre,v4.19
linux,CVE-2023-52573,vul,v5.1
linux,CVE-2023-52573,vul,v5.3
linux,CVE-2023-52580,vul,v5.12
linux,CVE-2023-52580,vul,v5.18
linux,CVE-2023-52582,vul,v5.18
linux,CVE-2023-52582,vul,v6.1
linux,CVE-2023-52589,vul,v5.11
linux,CVE-2023-52589,vul,v6.0
linux,CVE-2023-52590,vul,v2.6.16
linux,CVE-2023-52593,vul,v5.19
linux,CVE-2023-52593,vul,v6.0
linux,CVE-2023-52596,vul,v3.4
linux,CVE-2023-52596,vul,v5.19
linux,CVE-2023-52596,fix,v6.12
linux,CVE-2023-52596,fix,v6.13
linux,CVE-2023-52617,vul,v4.12
linux,CVE-2023-52617,vul,v5.0
linux,CVE-2023-52620,vul,v4.17
linux,CVE-2023-52622,vul,v3.3
linux,CVE-2023-52622,vul,v4.15
linux,CVE-2023-52629,vul,v2.6.20
linux,CVE-2023-52629,vul,v3.7
linux,CVE-2023-52640,vul,v5.15
linux,CVE-2023-52640,vul,v6.5
ImageMagick,CVE-2023-5341,vul,7.1.1-7
linux,CVE-2023-5717,pre,v4.0
linux,CVE-2023-5717,vul,v4.4
linux,CVE-2023-5717,vul,v4.17
linux,CVE-2023-6039,vul,v5.15
linux,CVE-2023-6039,vul,v5.17
linux,CVE-2023-6121,vul,v4.8
linux,CVE-2023-6121,vul,v5.2
linux,CVE-2023-6176,vul,v5.7
linux,CVE-2023-6176,vul,v6.2
linux,CVE-2023-6546,vul,v2.6.37
linux,CVE-2023-6546,vul,v4.13
linux,CVE-2023-6622,vul,v5.11
linux,CVE-2023-6622,vul,v5.13
linux,CVE-2023-6915,vul,v4.20
linux,CVE-2023-6931,pre,v3.13
linux,CVE-2023-6931,vul,v4.3
linux,CVE-2023-6931,vul,v6.0
linux,CVE-2023-7192,pre,v3.2
linux,CVE-2023-7192,vul,v3.3
linux,CVE-2023-7192,vul,v4.9
linux,CVE-2024-0443,pre,v6.0
linux,CVE-2024-0443,vul,v6.2
linux,CVE-2024-0443,vul,v6.3
linux,CVE-2024-0607,vul,v4.5
linux,CVE-2024-0607,vul,v5.6
linux,CVE-2024-1086,vul,v4.19
linux,CVE-2024-1151,vul,v4.12
linux,CVE-2024-1151,vul,v5.6
curl,CVE-2024-2004,vul,curl-7_85_0
curl,CVE-2024-2004,vul,curl-8_0_1
linux,CVE-2024-23307,vul,v4.1
linux,CVE-2024-23307,vul,v4.8
curl,CVE-2024-2398,vul,curl-7_84_0
curl,CVE-2024-2398,vul,curl-7_83_0
wireshark,CVE-2024-24476,vul,v1.10.8
wireshark,CVE-2024-24476,vul,v2.2.0
curl,CVE-2024-2466,vul,curl-8_6_0
curl,CVE-2024-2466,vul,curl-8_5_0
linux,CVE-2024-26581,vul,v6.5
linux,CVE-2024-26581,vul,v6.6
linux,CVE-2024-26582,pre,v5.7
linux,CVE-2024-26582,vul,v6.0
linux,CVE-2024-26582,vul,v6.3
linux,CVE-2024-26583,vul,v5.7
linux,CVE-2024-26583,vul,v5.19
linux,CVE-2024-26588,vul,v6.1
linux,CVE-2024-26588,vul,v6.3
linux,CVE-2024-26593,vul,v5.3
linux,CVE-2024-26593,vul,v5.17
linux,CVE-2024-26594,vul,v6.4
linux,CVE-2024-26594,vul,v6.5
linux,CVE-2024-26598,vul,v5.8
linux,CVE-2024-26598,vul,v5.9
linux,CVE-2024-26601,vul,v5.11
linux,CVE-2024-26601,vul,v5.13
linux,CVE-2024-26603,vul,v5.14
linux,CVE-2024-26603,vul,v5.16
linux,CVE-2024-26615,vul,v5.17
linux,CVE-2024-26620,vul,v6.0
linux,CVE-2024-26620,vul,v6.3
linux,CVE-2024-26629,vul,v5.19
linux,CVE-2024-26629,vul,v6.2
linux,CVE-2024-26632,vul,v5.17
linux,CVE-2024-26632,vul,v5.18
linux,CVE-2024-26642,vul,v4.1
linux,CVE-2024-26642,vul,v5.2
linux,CVE-2024-26644,vul,v2.6.29
linux,CVE-2024-26644,vul,v3.19
linux,CVE-2024-26649,vul,v6.3
linux,CVE-2024-26649,vul,v6.7
linux,CVE-2024-26657,vul,v6.7
linux,CVE-2024-26657,vul,v6.8
linux,CVE-2024-26659,vul,v2.6.36
linux,CVE-2024-26659,vul,v4.3
linux,CVE-2024-26667,vul,v5.19
linux,CVE-2024-26667,vul,v6.5
linux,CVE-2024-26669,pre,v4.19
linux,CVE-2024-26669,vul,v5.1
linux,CVE-2024-26669,vul,v5.4
linux,CVE-2024-26685,vul,v3.12
linux,CVE-2024-26685,vul,v4.1
linux,CVE-2024-26697,vul,v2.6.30
linux,CVE-2024-26697,vul,v3.8
linux,CVE-2024-26698,vul,v5.8
linux,CVE-2024-26698,vul,v5.18
linux,CVE-2024-26700,vul,v5.13
linux,CVE-2024-26700,fix,v6.12
linux,CVE-2024-26704,vul,v3.18
linux,CVE-2024-26704,vul,v5.1
linux,CVE-2024-26706,vul,v4.11
linux,CVE-2024-26718,vul,v5.9
linux,CVE-2024-26718,vul,v6.0
linux,CVE-2024-26719,vul,v4.0
linux,CVE-2024-26726,vul,v6.5
linux,CVE-2024-26726,vul,v6.6
linux,CVE-2024-26731,vul,v6.4
linux,CVE-2024-26731,vul,v6.6
linux,CVE-2024-26733,vul,v2.6.12
linux,CVE-2024-26733,vul,v4.2
linux,CVE-2024-26741,vul,v6.1
linux,CVE-2024-26741,vul,v6.2
linux,CVE-2024-26758,vul,v3.0
linux,CVE-2024-26758,vul,v4.2
linux,CVE-2024-26761,vul,v6.3
linux,CVE-2024-26763,vul,v3.17
linux,CVE-2024-26764,vul,v5.0
linux,CVE-2024-26771,vul,v4.18
linux,CVE-2024-26771,vul,v5.5
linux,CVE-2024-26772,vul,v2.6.25
linux,CVE-2024-26772,vul,v3.7
linux,CVE-2024-26774,vul,v6.0
linux,CVE-2024-26775,vul,v3.19
linux,CVE-2024-26807,vul,v6.4
linux,CVE-2024-26807,vul,v6.6
FFmpeg,CVE-2024-7055,pre,n4.2.3
FFmpeg,CVE-2024-7055,vul,n4.3.7
curl,CVE-2024-7264,vul,curl-8_9_0
curl,CVE-2024-8096,vul,curl-7_87_0
curl,CVE-2024-9681,vul,curl-8_7_0
